"","Sample","depth_m","reef_zone","month","response","bleaching_status","clade_A","clade_C","clade_D","A1","3040_A","A1ee","3042_A","3112_A","3041_A","3113_A","A1cl","3070_A","3132_A","A1bv","3188_A","3139_A","3311_A","2964_A","3071_A","3241_A","A1z","C3ae","C1","C3","C3f","C3g","C3bj","C1c","C21","C3p","C21.12","3043_C","C3.10","C3h","C1b","C3k","C50f","C3cv","3045_C","1855_C","3050_C","3046_C","C3j","3049_C","3054_C","2460_C","C3ch","3056_C","C3.11","C1al","3048_C","C3cp","C42.2","1752_C","C3b","3055_C","3057_C","3018_C","3058_C","C3ba","C72k","C3.9","3064_C","C1bh","3020_C","3051_C","3047_C","3025_C","3059_C","3044_C","3052_C","C1br","3053_C","C1w","C116","3063_C","3028_C","3066_C","3061_C","3027_C","3060_C","3069_C","3067_C","3062_C","C1cb","1482_C","3023_C","3065_C","3138_C","1534_C","3068_C","3086_C","C3v","3084_C","C3cg","3104_C","3097_C","3029_C","C1n","C1h","D1","D6","D4","D2d","D1d","D2.2","D1b","D6c","D2","3030_D","3074_D","D1u","3031_D","3033_D","3034_D","3098_D","3032_D","3035_D","3079_D","D4d","3076_D","3172_D","3108_D","D4c","3173_D","3087_D","3174_D","3015_D","3169_D","D2c","3124_D","3192_D"
"1","10NBOb2",1,"backreef","October","unknown","healthy",4632.76933105263,5.70703468318077,12.4211931339817,48480.9239256981,2694.72749422894,2379.83346288638,550.560992965674,0,0,0,0,1041.70168364176,0,0,0,0,0,0,345.779160216247,0,0,0,100.376668839474,5.70703468318077,0,0,0,23.1638466552631,0,0,0,0,0,0,7.72128221842104,0,0,0,0,0,0,0,0,0,0,0,0,0,0,0,0,0,2.34995545778032,0,0,0,0,0,0,0,4.02849507048054,0,0,6.37845052826086,0,0,0,0,0,0,0,0,0,0,0,0,0,0,0,1.67853961270023,0,0,0,0,0,0,0,0,0,0,0,0,0,0,0,0,0,0,0,0,22.492430810183,5.70703468318077,4.69991091556063,7.04986637334095,1.67853961270023,1.67853961270023,0,0,0,0,2.68566338032036,0,0,0,0,0,0,0,1.34283169016018,0,2.01424753524027,0,0,0,0,0,0,0,0,0,0,0
"2","11NBOb",1,"backreef","October","unknown","healthy",2518.36982634083,1001303.84295311,0,46338.0048046712,2518.36982634083,0,0,0,0,0,0,0,0,0,0,0,0,0,0,0,0,0,15374144.1158455,419560.413068382,0,0,0,1752281.72516795,0,0,0,0,0,0,1488356.56736743,0,0,0,0,0,0,0,0,0,0,0,0,0,0,158657.299059472,0,0,849194.305442127,0,0,0,0,0,0,0,457839.634428763,0,0,530368.685427379,0,0,0,265436.179696323,0,0,0,380273.843777465,0,244785.547120329,0,0,164701.38664269,0,0,217083.479030579,0,0,0,0,301197.031230363,0,0,0,122392.773560164,0,0,0,0,0,0,0,0,100734.793053633,0,0,9569.80534009515,4029.39172214533,4533.06568741349,0,0,0,0,0,0,0,0,0,0,0,0,0,0,0,0,0,0,0,0,0,0,0,0,0,0,0,0,0
"3","12NBOb2",1,"backreef","October","unknown","healthy",4355.3461525486,56619.4999831317,161929.536440909,27248.832339022,2456.8619322069,1005.07988135737,781.728796611286,0,0,0,0,1116.75542373041,0,0,0,0,0,0,0,0,0,0,1457812.53013768,23451.8638983386,0,0,0,390529.371678524,0,0,0,0,0,0,108436.951644223,0,0,0,0,0,0,0,0,0,0,0,0,0,0,94924.2110170848,0,0,82081.5236441851,0,0,0,0,0,0,0,29705.6942712289,0,0,63766.7346950064,0,0,0,25126.9970339342,0,0,0,34954.4447627618,0,13401.0650847649,0,0,16081.2781017179,0,0,0,0,0,0,0,24456.943779696,0,0,0,0,0,0,0,0,0,0,0,0,0,0,0,803170.50074691,592327.076746609,466133.713865073,0,183371.240576533,118264.39937305,87665.3007628371,72254.0759153575,49360.5897288841,16863.0068983292,0,0,0,35624.498017,36629.5778983574,0,22893.4861864734,25126.9970339342,0,35401.146932254,0,0,0,22893.4861864734,0,0,0,0,0,0,0,0
"4","13NBOb2",1,"backreef","October","unknown","healthy",6710.86190664654,6.82431616285399,13.648632325708,104499.047322742,3984.54759958637,2863.6536698376,1475.75837021717,0,1250.55593684299,0,0,0,0,0,0,0,0,0,0,0,0,0,102.36474244281,0,0,0,0,21.3259880089187,0,0,0,0,0,0,11.0895137646377,0,0,0,0,0,0,0,0,0,0,0,0,0,0,0,0,0,5.97127664249724,0,0,0,0,0,0,0,0,0,0,0,0,0,0,0,0,0,0,0,0,7.67735568321074,0,0,0,0,0,3.41215808142699,0,0,0,0,0,0,0,0,3.41215808142699,0,0,0,0,0,3.41215808142699,0,0,0,0,0,5.97127664249724,13.648632325708,4.26519760178374,6.82431616285399,0,0,0,0,0,0,0,0,0,0,0,0,0,0,0,0,0,5.11823712214049,4.26519760178374,0,0,0,0,0,0,0,0,0
"5","14NBOb",1,"backreef","October","unknown","healthy",15173.6432627592,499285.118788886,1345757.64651852,376812.141025186,0,0,0,3612.77220541885,0,2528.9405437932,0,0,6502.98996975394,0,0,0,0,0,0,0,0,1169815.64011462,3106984.09666021,710632.292805889,387289.180420901,0,253977.886040945,537219.226945784,116331.265014487,112718.492809068,71894.1668878352,98267.4039873928,78758.434078131,0,214237.391781338,57081.8008456179,0,81287.3746219242,41908.1575828587,0,0,50578.810875864,0,40824.3259212331,0,0,0,40463.0487006912,41185.6031417749,92125.6912381808,0,0,101157.621751728,0,0,0,0,0,0,0,111995.938367984,0,36850.2764952723,70449.0580056677,40101.7714801493,0,0,47688.5931115289,0,0,0,53469.028640199,0,0,0,0,57804.3552867017,0,0,0,0,0,44798.3753471938,0,0,0,0,0,0,0,0,0,0,0,0,0,0,0,0,0,4288360.60783218,3000046.03937982,2505818.80167852,0,927759.902351562,743508.5198752,298776.261388139,307446.914681144,190393.095225574,391263.229846862,0,0,281796.232022671,158961.97703843,175580.729183356,0,135117.680482665,138007.898247,0,76229.4935343378,0,0,0,102602.730633895,0,65029.8996975394,0,0,0,0,0,0
"6","15NBOb",1,"backreef","October","unknown","healthy",8392903.46085114,713413.488715765,408459.828952708,98471094.8948768,0,0,0,1835286.80638424,0,1660550.58527913,0,0,2434064.43029856,0,0,0,0,2463001.63888922,0,0,0,623262.954260263,1426826.97743153,812467.7796607,435171.098421005,914860.979289171,95715.3822613975,149137.921197991,199221.551451048,0,40066.9042024455,53422.5389365939,27824.239029476,0,204786.399256943,36727.9955189083,0,0,0,73455.9910378167,0,32276.1172741922,0,0,0,0,0,27824.239029476,73455.9910378167,0,34502.0563965503,0,99054.2909449346,0,0,119087.743046157,0,25598.2999071179,0,0,0,0,33389.0868353712,191430.764522795,0,0,0,0,0,0,0,0,0,0,0,0,0,0,0,0,31163.1477130131,0,0,0,25598.2999071179,79020.8388437119,0,0,0,0,0,0,0,0,0,0,0,28937.2085906551,0,0,1021706.05716236,405120.920269171,390652.315973843,225932.820919345,121313.682168515,219255.003552271,0,63439.2649872053,42292.8433248035,15581.5738565066,32276.1172741922,0,70117.0823542796,36727.9955189083,34502.0563965503,0,0,20033.4521012227,27824.239029476,50083.6302530568,33389.0868353712,0,0,0,0,0,0,0,0,0,0,0
"7","17NBOb",1,"backreef","October","unknown","healthy",0,3579.93007481064,269265.817473065,0,0,0,0,0,0,0,0,0,0,0,0,0,0,0,0,0,0,0,82558.6951098638,1817.50296105771,0,0,0,10739.7902244319,0,0,0,0,0,0,4406.06778438232,0,0,0,0,0,0,0,0,0,0,0,0,0,0,1266.74448800992,0,0,2258.10973949594,0,0,0,0,0,0,0,2863.94405984851,0,0,1542.12372453381,0,0,0,0,0,0,0,0,0,0,0,0,1156.59279340036,0,0,1156.59279340036,0,0,0,0,881.213556876465,0,0,0,0,0,0,0,0,0,0,0,0,0,0,0,877413.323412435,537540.269694643,499758.238443565,0,191939.327857155,123094.518726181,79970.1302865392,56342.591792789,28364.0613619612,40095.2168378791,0,0,32825.2049936483,33265.8117720865,25830.5723859414,0,26436.4067062939,27152.3927212561,0,26766.8617901226,0,0,0,0,0,25445.0414548079,0,0,0,24343.5245087123,0,19662.0774878061
"8","18NBOb",1,"backreef","October","unknown","healthy",0,986399.382892187,3100820.4577781,0,0,0,0,0,0,0,0,0,0,0,0,0,0,0,0,0,0,2509547.31727919,300239.295295253,560116.232496569,526126.8783122,0,337769.20720716,36821.800366399,114714.070372243,104092.397189628,65146.2621867058,101259.951007597,84265.273915413,72935.4891872902,0,93470.7240070127,41070.469639445,46735.3620035064,47443.473549014,77892.2700058439,51692.1428220601,65146.2621867058,32573.1310933529,33989.3541843683,62313.8160046751,39654.2465484296,159325.097739226,62313.8160046751,36113.6888208913,0,31156.9080023376,49567.808185537,0,55232.7005495984,51692.1428220601,0,35405.5772753836,0,0,83557.1623699053,0,38238.0234574143,46735.3620035064,0,38946.135002922,40362.3580939373,0,0,0,0,0,0,0,0,0,0,0,0,0,0,0,0,37529.9119119066,0,0,0,0,0,0,0,0,0,0,0,0,29740.6849113222,0,0,0,0,8521414.33863933,6123748.64555035,5181252.17847964,0,1647775.56639635,900717.885885759,654295.068049089,562948.678678599,500634.862673924,800166.046423669,0,0,463813.062307525,492137.524127832,465229.285398541,0,424866.927304603,272622.945020454,0,215974.02137984,0,0,0,230844.363835501,0,181984.667195472,0,0,0,0,0,0
"9","19NBOb",1,"backreef","October","unknown","healthy",15289.7187686802,19304.4939622861,727.415714520924,325224.768209557,0,0,0,3133.48307793629,0,3147.47184167708,0,0,9008.76384906683,0,0,0,0,0,0,0,0,0,272067.465994566,8994.77508532604,0,0,0,47869.5495209731,0,0,0,0,0,0,24158.5949803392,0,0,0,0,0,0,0,0,0,0,0,0,0,0,8798.93239295502,0,0,12841.6851140425,0,0,0,0,0,0,0,8085.50544217489,0,0,9638.25821740225,0,0,0,3553.1459901599,0,0,0,6588.70772191068,0,5623.48302379638,0,0,3441.2358802336,0,0,3147.47184167708,0,0,0,0,5399.66280394378,0,0,0,3259.38195160337,0,0,0,0,0,0,0,2056.34826989569,0,0,0,1244.99997293004,895.280879410368,783.370769484072,293.764038556527,181.853928630231,139.88763740787,0,0,97.921346185509,97.921346185509,0,0,293.764038556527,0,97.921346185509,0,111.910109926296,0,0,0,0,0,0,0,0,0,0,0,0,0,0,0
"10","1NBOb",1,"backreef","October","unknown","healthy",913.156970236372,2282.89242559093,111690.511922036,33958.0248306651,0,0,0,0,0,0,0,0,513.650795757959,0,0,0,0,0,0,0,0,0,42290.582184072,1483.8800766341,0,0,0,9017.42508108417,0,0,0,0,0,0,1712.1693191932,0,0,0,0,0,0,0,0,0,0,0,0,0,0,1426.80776599433,0,0,627.795417037506,0,0,0,0,0,0,0,1369.73545535456,0,0,913.156970236372,0,0,0,684.867727677279,0,0,0,0,0,456.578485118186,0,0,0,0,0,0,0,0,0,0,1084.37390215569,0,0,0,0,0,0,0,0,0,0,0,0,285.361553198866,0,0,2520370.31016303,51022.6457119573,328508.220042535,0,20260.6702771195,48454.3917331675,0,0,88462.0814916486,0,0,107524.233245333,0,0,0,0,0,0,0,0,0,0,0,0,0,0,0,0,22429.4180814309,0,0,0
"11","20NBOb",1,"backreef","October","unknown","healthy",4879.81837016515,0,0,42862.2916647922,3898.68630950882,1008.69678931393,304.073413004112,0,677.058647652216,0,0,0,0,0,0,0,0,0,0,0,0,0,3.44559108219957,0,0,0,0,0,0,0,0,0,0,0,0,0,0,0,0,0,0,0,0,0,0,0,0,0,0,0,0,0,0,0,0,0,0,0,0,0,0,0,0,0,0,0,0,0,0,0,0,0,0,0,0,0,0,0,0,0,0,0,0,0,0,0,0,0,0,0,0,0,0,0,0,0,0,0,0,0,0,4.30698885274947,0,0,0,0,0,0,0,0,0,0,0,0,0,0,0,0,0,0,0,0,0,0,0,0,0,0,0,0,0,0
"12","213Mc",5,"crest","May","resistant","healthy",3064.8560270937,0,0,0,0,0,0,1809.95434670888,0,1254.90168038482,0,0,0,0,0,0,0,0,0,0,0,0,0,0,0,0,0,0,0,0,0,0,0,0,0,0,0,0,0,0,0,0,0,0,0,0,0,0,0,0,0,0,0,0,0,0,0,0,0,0,0,0,0,0,0,0,0,0,0,0,0,0,0,0,0,0,0,0,0,0,0,0,0,0,0,0,0,0,0,0,0,0,0,0,0,0,0,0,0,0,0,0,0,0,0,0,0,0,0,0,0,0,0,0,0,0,0,0,0,0,0,0,0,0,0,0,0,0,0,0,0,0
"13","214Mc2",5,"crest","May","resistant","healthy",3423.60785651546,0,0,42909.6722268237,2358.03165376965,1719.74470194746,598.961215453998,0,0,0,0,466.614987291814,0,0,0,0,0,0,0,0,0,0,0,0,0,0,0,0,0,0,0,0,0,0,0,0,0,0,0,0,0,0,0,0,0,0,0,0,0,0,0,0,0,0,0,0,0,0,0,0,0,0,0,0,0,0,0,0,0,0,0,0,0,0,0,0,0,0,0,0,0,0,0,0,0,0,0,0,0,0,0,0,0,0,0,0,0,0,0,0,3.78132080463382,0,0,0,0,0,0,0,0,0,0,0,0,0,0,0,0,0,0,0,0,0,0,0,0,0,0,0,0,0,0,0
"14","215Mc",5,"crest","May","resistant","healthy",8571.0323989074,1.97239268183348,0,71785.8480280427,6861.70759101346,1486.32116030414,750.125591809796,0,959.199216084145,0,0,0,0,0,0,0,0,0,0,0,0,0.986196340916741,0,0.493098170458371,1.84911813921889,0.986196340916741,1.10947088353133,0,0,0,0,0,0,0,0,0,0,0,0,0,0.739647255687556,0,0,0,0,0,0,0,0,0,0,0,0,0,2.09566722444807,0,0,0,0,0,0,0,0,0,0,0,0,0,0,0,0,0,0,0,0,0,0,0,0,0,0,0,0,0,0,0,0,0,0,0,0,0,0,0,0,0,0,0,0,0,0,0,0,0,0,0,0,0,0,0,0,0,0,0,0,0,0,0,0,0,0,0,0,0,0,0,0,0,0,0,0,0
"15","216Mc2",5,"crest","May","died","bleached",0,0,345.298384183888,5206.03717692632,0,0,0,0,0,0,0,0,0,0,0,0,0,0,0,0,0,0,0,0,0,0,0,0,0,0,0,0,0,0,0,0,0,0,0,0,0,0,0,0,0,0,0,0,0,0,0,0,146.087777923953,0,0,0,0,0,0,0,0,0,0,0,0,0,0,0,0,0,0,0,0,0,0,0,0,0,0,0,0,0,0,0,0,0,0,0,0,0,0,0,0,0,0,0,0,0,0,0,1819.45687050741,0,0,969.491617131686,0,0,0,0,0,0,0,0,0,0,0,0,0,0,0,0,0,0,239.052727511923,0,0,0,0,0,0,0,0,0
"16","217Mc",5,"crest","May","resistant","healthy",2912.14759029607,0,0,43343.5920416159,1710.93126480063,1732.31790561063,466.941657685171,0,734.274667810269,0,0,0,0,217.43084823508,0,0,0,0,0,0,0,0,0,0,0,0,0,0,0,0,0,0,0,0,0,0,0,0,0,0,0,0,0,0,0,0,0,0,0,0,0,0,0,0,0,0,0,0,0,0,0,0,0,0,0,0,0,0,0,0,0,0,0,0,0,0,0,0,0,0,0,0,0,0,0,0,0,0,0,0,0,0,0,0,0,0,0,0,0,0,0,0,0,0,0,0,0,0,0,0,0,0,0,0,0,0,0,0,0,0,0,0,0,0,0,0,0,0,0,0,0,0
"17","217Oc2",5,"crest","October","resistant","healthy",6678.8285442833,8.98749005118022,0,101046.350645419,3937.64407867333,3956.74249503209,1289.70482234436,0,1451.47964326561,0,0,0,0,0,0,0,0,0,0,0,0,24.7155976407456,0,5.61718128198764,0,0,0,0,0,0,0,0,0,0,0,0,0,0,0,0,0,0,0,0,0,4.49374502559011,0,0,0,0,0,0,0,0,0,0,4.49374502559011,0,0,0,0,0,0,0,0,0,0,0,0,0,0,0,0,0,0,0,0,0,0,0,0,0,0,0,0,0,0,0,0,0,0,0,0,0,0,0,0,0,0,0,0,0,0,0,0,0,0,0,0,0,0,0,0,0,0,0,0,0,0,0,0,0,0,0,0,0,0,0,0,0,0,0
"18","218Mc2",5,"crest","May","resistant","healthy",3224.9284033877,0,0,50046.1111488684,2219.10278049875,1263.56843875425,383.471018726413,0,622.354604162539,0,0,0,0,0,0,0,0,0,0,0,0,0,0,0,0,0,0,0,0,0,0,0,0,0,0,0,0,0,0,0,0,0,0,0,0,0,0,0,0,0,0,0,0,0,0,0,0,0,0,0,0,0,0,0,0,0,0,0,0,0,0,0,0,0,0,0,0,0,0,0,0,0,0,0,0,0,0,0,0,0,0,0,0,0,0,0,0,0,0,0,0,0,0,0,0,0,0,0,0,0,0,0,0,0,0,0,0,0,0,0,0,0,0,0,0,0,0,0,0,0,0,0
"19","219Mc2",5,"crest","May","unknown","bleached",1405.13797113821,3134.53855100061,9727.87826172604,0,0,0,1405.13797113821,0,0,0,0,0,0,0,0,0,0,0,0,0,0,432.350144965602,0,1080.875362414,0,0,0,0,0,0,0,0,0,0,0,0,0,0,0,0,0,0,0,0,0,0,0,0,0,0,0,0,0,0,0,0,0,0,0,0,0,0,0,0,0,0,0,0,0,0,0,0,0,0,0,0,0,0,0,0,0,0,0,0,0,0,0,0,0,0,0,0,0,0,0,0,0,0,0,0,4647.76405838022,648.525217448403,2053.66318858661,1080.875362414,0,0,0,0,0,0,3026.45101475921,0,0,0,0,0,0,0,0,0,972.787826172604,864.700289931204,0,0,0,0,0,0,0,0,0,0
"20","220Mc",5,"crest","May","unknown","bleached",5459.32930678205,0,0,45965.594677444,4318.97751477617,1743.62865989452,0,0,496.048367413843,0,0,0,0,0,0,0,0,0,0,644.303424592041,0,11.1890609191092,0,0,4.66210871629552,0,0,0,0,3.72968697303641,0,0,0,0,0,0,0,0,0,0,0,0,0,0,0,0,0,0,0,0,0,0,0,0,0,0,0,0,0,0,0,0,0,0,0,0,0,0,0,0,0,0,0,0,0,0,0,0,0,0,0,0,0,0,0,0,0,0,0,0,0,0,0,0,0,0,0,0,0,0,0,0,0,0,0,0,0,0,0,0,0,0,0,0,0,0,0,0,0,0,0,0,0,0,0,0,0,0,0,0,0,0
"21","221Mc",5,"crest","May","unknown","bleached",76256.2521903375,61017.4925388696,0,360151.013620759,66950.6161736624,29519.8923303027,0,0,0,0,0,0,0,0,0,0,0,0,0,0,0,33933.3035954819,0,0,13781.5012148522,0,11200.0719842756,0,0,0,0,0,0,0,0,0,0,0,30206.8855932787,0,0,0,0,0,0,0,0,0,0,0,0,0,0,0,0,15155.4877408042,0,0,0,0,0,0,0,0,0,0,0,0,0,0,0,0,0,0,0,0,0,0,0,0,0,0,0,0,0,0,0,0,0,0,0,0,0,0,0,0,0,0,0,0,187.361798993458,0,0,0,0,0,0,0,0,0,0,0,0,0,0,0,0,0,0,0,0,0,0,0,0,0,0,0,0,0,0,0
"22","222Mc2",5,"crest","May","unknown","bleached",669504.350073788,736454.785081166,364987.855362807,9096620.39519611,283999.425918397,0,76669.0465407079,0,222448.219540646,0,0,0,0,0,0,0,0,0,42113.9833110931,0,0,390904.152785018,0,267801.740029515,138220.252918459,254843.591318409,84227.9666221862,0,71269.8179110806,0,16197.685888882,114463.646948099,73429.5093629316,56151.9777481241,0,24836.4516962857,0,0,91786.8867036644,134980.715740683,0,0,0,0,0,28075.9888740621,0,0,0,0,0,0,0,0,0,77748.8922666334,0,0,31315.5260518385,0,0,0,0,0,0,0,0,0,0,0,0,0,0,0,0,0,0,0,0,0,0,0,0,0,0,0,0,0,0,0,0,0,0,0,0,0,0,0,0,0,450295.667710918,0,0,153338.093081416,0,0,0,0,0,0,0,0,0,0,0,63710.8978296024,0,0,75589.2008147825,0,0,0,0,0,0,0,0,0,0,0,0,0
"23","225Mc2",5,"crest","May","resistant","healthy",4041.35770898515,0,0,43116.7147812453,2946.75380432195,866.839525110563,521.438597876903,0,573.165306786291,0,0,0,0,0,0,0,0,0,0,0,0,0,0,0,0,0,0,0,0,0,0,0,0,0,0,0,0,0,0,0,0,0,0,0,0,0,0,0,0,0,0,0,0,0,0,0,0,0,0,0,0,0,0,0,0,0,0,0,0,0,0,0,0,0,0,0,0,0,0,0,0,0,0,0,0,0,0,0,0,0,0,0,0,0,0,0,0,0,0,0,0,0,0,7.5087158094274,0,0,0,0,0,0,0,0,0,0,0,0,0,0,0,0,0,0,0,0,0,0,0,0,0,0,0,0
"24","226Mc2",5,"crest","May","resistant","healthy",2886.18501726443,0,0,43935.737267763,1966.0349424534,1625.97948002323,505.796780253272,0,0,0,0,414.353294557765,0,0,0,0,0,0,0,0,0,0,0,0,0,0,0,0,0,0,0,0,0,0,0,0,0,0,0,0,0,0,0,0,0,0,0,0,0,0,0,0,0,0,0,0,0,0,0,0,0,0,0,0,0,0,0,0,0,0,0,0,0,0,7.14402231996147,0,0,0,0,0,0,0,0,0,0,0,0,0,0,0,0,0,0,0,0,0,0,0,0,0,8.57282678395376,0,0,0,0,0,0,0,0,0,0,0,0,0,0,0,0,0,0,0,0,0,0,0,0,0,0,0,0,0,0,0
"25","226Oc2",5,"crest","October","resistant","healthy",3458.6112679761,1271.74881994784,0,43444.0307339821,2328.01633849968,1567.69465794106,518.2461679144,0,612.348761562014,0,0,0,0,0,0,0,0,0,0,0,0,0,0,0,0,0,0,0,0,0,0,0,0,0,0,0,0,0,0,0,0,0,0,0,0,0,0,0,0,0,0,0,0,0,0,0,0,0,0,0,0,0,0,0,0,0,0,0,0,0,0,0,0,0,2829.89683795363,0,0,0,0,0,0,0,0,0,0,0,0,0,0,0,0,0,0,0,0,0,0,0,0,0,2.72761141007579,0,0,0,0,0,0,0,0,0,0,0,0,0,0,0,0,0,0,0,0,0,0,0,0,0,0,0,0,0,0,0
"26","227Mc2",5,"crest","May","resistant","healthy",3219.47259098986,0,0,44283.058758128,2276.33765871568,1028.87447157182,355.206662804558,0,587.928269469614,0,0,0,0,0,0,0,0,0,0,0,0,3.76877095813855,0,0,0,0,0,0,0,0,0,0,0,0,0,0,0,0,0,0,0,0,0,0,0,0,0,0,0,0,0,0,0,0,0,0,0,0,0,0,0,0,0,0,0,0,0,0,0,0,0,0,0,0,0,0,0,0,0,0,0,0,0,0,0,0,0,0,0,0,0,0,0,0,0,0,0,0,0,0,0,0,0,0,0,0,0,0,0,0,0,0,0,0,0,0,0,0,0,0,0,0,0,0,0,0,0,0,0,0,0,0
"27","227Oc",5,"crest","October","resistant","healthy",3468.03060333024,0,0,43850.6115444316,2363.49810720667,1210.28560745455,410.422789213089,0,694.109706910481,0,0,0,0,0,0,0,0,0,0,0,0,8.39310407388731,0,0,0,0,0,0,0,0,0,0,0,0,0,0,0,0,0,0,0,0,0,0,0,0,0,0,0,0,0,0,0,0,0,0,0,0,0,0,0,0,0,0,0,0,0,0,0,0,0,0,0,0,0,0,0,0,0,0,0,0,0,0,0,0,0,0,0,0,0,0,0,0,0,0,0,0,0,0,0,0,0,0,0,0,0,0,0,0,0,0,0,0,0,0,0,0,0,0,0,0,0,0,0,0,0,0,0,0,0,0
"28","228Mc",5,"crest","May","resistant","healthy",6165.50605331628,0,0,41043.5558892281,5268.23906011017,965.630192688482,346.0886973795,0,551.178295826611,0,0,0,0,0,0,0,0,0,0,0,0,0,0,0,0,0,0,0,0,0,0,0,0,0,0,0,0,0,0,0,0,0,0,0,0,0,0,0,0,0,0,0,0,0,0,0,0,0,0,0,0,0,0,0,0,0,0,0,0,0,0,0,0,0,0,0,0,0,0,0,0,0,0,0,0,0,0,0,0,0,0,0,0,0,0,0,0,0,0,0,0,0,0,0,0,0,0,0,0,0,0,0,0,0,0,0,0,0,0,0,0,0,0,0,0,0,0,0,0,0,0,0
"29","228Oc",5,"crest","October","resistant","healthy",7318.65130983296,0,0,43886.5545634671,6177.75301095599,1014.13182122397,414.103826999786,0,726.794471877176,0,0,0,0,219.728561265193,0,0,0,0,0,0,0,0,0,59.157689571398,50.7065910611983,0,0,0,0,0,0,0,0,0,0,0,0,0,0,0,0,0,0,0,0,0,0,0,0,0,0,0,0,0,0,0,0,0,0,0,0,0,0,0,0,0,0,0,0,0,0,0,0,0,0,0,0,0,0,0,0,0,0,0,0,0,0,0,0,0,0,0,0,0,0,0,0,0,0,0,0,0,0,0,0,0,0,0,0,0,0,0,0,0,0,0,0,0,0,0,0,0,0,0,0,0,0,0,0,0,0,0
"30","229Mc",5,"crest","May","died","bleached",5911.06691962987,751.088553955511,0,63782.440001902,2779.02764963539,1487.15533683191,3132.03926999448,0,0,0,0,0,0,0,0,0,0,0,0,0,0,0,0,0,0,105.152397553772,743.577668415956,0,0,0,0,0,0,0,0,0,0,0,0,0,0,0,0,0,0,0,0,0,0,0,0,0,0,0,0,0,0,0,0,0,0,0,0,0,0,0,0,0,0,0,0,0,0,0,0,0,0,0,0,0,0,0,0,0,0,0,0,0,0,67.597969855996,0,0,0,0,0,0,0,0,0,0,0,0,0,0,0,0,0,0,0,0,0,0,0,0,0,0,0,0,0,0,0,0,0,0,0,0,0,0,0,0,0,0
"31","22NBOb",1,"backreef","October","unknown","healthy",4246.08397517344,5.10434274879171,0,45075.7216227583,3473.86983646338,1590.36736215924,481.995793850188,0,0,0,0,0,0,217.299162734276,0,0,0,0,0,0,0,0,22.6049464589347,0,0,0,0,5.10434274879171,0,0,0,0,0,0,3.64595910627979,0,0,0,0,0,0,0,0,0,0,0,0,0,0,0,0,0,0,0,0,0,0,0,0,0,0,0,0,0,0,0,0,0,0,0,0,0,0,0,0,0,0,0,0,0,0,0,0,0,0,0,0,0,5.10434274879171,0,0,0,0,0,0,0,0,0,0,0,8.02111003381554,0,3.64595910627979,2.91676728502383,0,0,0,0,0,0,0,0,0,0,0,0,0,0,0,0,0,0,0,0,0,0,0,0,0,0,0,0
"32","230Mc2",5,"crest","May","resistant","healthy",3623.94797781898,0,0,43064.8071729813,3143.91009269744,1409.68871898369,480.037885121544,0,0,0,0,0,0,0,0,0,0,0,0,0,0,50.7082273015716,0,16.9027424338572,0,0,0,0,0,0,0,0,0,0,0,0,0,0,0,0,0,0,0,0,0,0,0,0,0,0,0,0,0,0,0,0,0,0,0,0,0,0,0,0,0,0,0,0,0,0,0,0,0,0,0,0,0,0,0,0,0,0,0,0,0,0,0,0,0,0,0,0,0,0,0,0,0,0,0,0,0,0,0,0,0,0,0,0,0,0,0,0,0,0,0,0,0,0,0,0,0,0,0,0,0,0,0,0,0,0,0,0
"33","231Mc2",5,"crest","May","resistant","healthy",4331.78879673602,0,15.9452348346111,47659.5476237557,3253.58720315755,951.399011798462,473.801263657016,0,604.400329921449,0,0,0,0,0,0,0,0,0,0,0,0,4.55578138131746,0,0,0,0,0,0,0,0,0,0,0,0,0,0,0,0,0,0,0,0,0,0,0,0,0,0,0,0,0,0,0,0,0,0,0,0,0,0,0,0,0,0,0,0,0,0,0,0,0,0,0,0,0,0,0,0,0,0,0,0,0,0,0,0,0,0,0,0,0,0,0,0,0,0,0,0,0,0,26.5753913910185,0,0,3.03718758754497,0,0,0,0,0,0,0,0,0,0,0,0,0,0,6.07437517508994,0,0,0,0,0,0,0,0,0,0,0,0,0
"34","231Oc2",5,"crest","October","resistant","healthy",4928.81443648139,8.23527892478093,5.94770144567511,56712.2483155039,3531.56211224355,1157.51420442754,609.86815592961,0,787.384168308221,0,0,0,0,0,0,0,0,0,0,0,0,10.9803718997079,0,0,5.94770144567511,0,3.6601239665693,0,0,0,0,0,0,0,0,0,0,0,0,0,0,0,0,0,0,0,0,0,0,0,0,0,0,0,0,0,0,2.74509297492698,0,0,0,0,0,0,0,0,0,0,0,0,0,0,0,0,0,0,0,0,0,0,0,0,0,0,0,0,0,0,0,0,0,0,0,0,0,0,0,0,0,0,26.5358987576274,0,0,9.60782541224441,0,0,0,0,0,0,3.20260847074814,0,0,0,0,0,0,0,0,0,0,0,0,0,0,0,0,0,0,0,0,0
"35","232Mc2",5,"crest","May","unknown","bleached",7708.30007125436,94.7741812039471,9298.40022256503,50019.7067465276,2937.99961732236,0,0,0,0,0,0,3011.71286936987,0,0,0,0,0,0,0,0,0,547.58415806725,0,0,0,0,663.41926842763,0,0,0,0,0,0,0,0,0,0,0,0,0,0,0,0,0,0,0,0,0,0,0,0,0,0,0,0,0,0,0,0,0,0,0,0,0,0,0,0,0,0,0,0,0,0,0,0,0,0,0,0,0,0,0,0,0,0,0,0,0,0,0,0,0,0,0,0,0,0,0,0,0,6002.36480958332,0,0,6844.80197584062,0,0,0,0,0,0,968.802741195904,0,0,0,0,1537.44782841959,0,0,0,0,0,0,0,0,0,0,0,157.956968673245,0,0,0,0
"36","248Mc2",5,"crest","May","resistant","healthy",53587.786245723,27.7025363139594,49.8645653651268,534254.493829232,41742.181717874,13341.5414888028,4604.16153538005,0,7241.44299246898,0,0,0,0,0,0,0,0,0,0,0,0,38.7835508395431,0,44.324058102335,60.9455798907106,0,0,0,0,22.1620290511675,33.2430435767512,0,0,0,0,0,0,0,0,0,0,0,0,0,0,0,0,0,0,0,0,0,0,0,0,0,0,0,0,0,0,0,0,0,0,0,0,0,0,0,0,0,0,0,94.1886234674618,0,0,0,0,0,0,0,0,0,0,0,0,0,0,0,0,0,0,0,0,0,0,0,0,0,27.7025363139594,44.324058102335,0,38.7835508395431,0,0,0,0,0,0,0,0,0,0,0,27.7025363139594,0,0,0,0,0,0,0,0,0,0,0,22.1620290511675,0,0,0,0
"37","249Mc",5,"crest","May","recovered","bleached",47809.8304630424,981931.283436016,0,449884.602209023,36122.9830165209,35178.5913036707,3777.56685140088,0,0,0,0,0,0,0,0,0,0,0,0,0,0,3434752.65963625,0,560378.432612499,330064.903641152,0,585640.910931243,0,184392.481934005,259471.623105598,134103.623224731,85113.303120626,106362.116659756,0,0,158303.660866518,73308.4067099983,59732.7758377764,38247.8643704339,66343.5178277279,85113.303120626,41199.0884730908,0,41907.3822577285,51469.348350337,46747.3897860859,0,54066.4255606751,38365.9133345402,0,30928.8285958447,40254.6967602406,0,45802.9980732357,0,0,66933.7626482593,50524.9566374868,0,57253.7475915446,0,0,0,0,77794.2673460369,35886.8850883084,0,0,0,0,0,0,0,0,0,0,0,0,0,0,0,0,0,0,0,39310.3050473904,49816.6628528491,0,0,0,0,0,0,0,0,41317.1374371971,0,0,0,0,3777.56685140088,0,708.293784637665,0,0,0,0,0,0,0,0,0,0,0,0,0,0,0,0,0,0,0,0,0,0,0,0,0,0,0,0,0
"38","24NBOb",1,"backreef","October","unknown","healthy",33235.7476022094,117.792998590164,8526.40089794957,522402.887747486,21791.7047391804,13953.9398329887,4068.38895130644,0,7375.65391172258,0,0,0,0,0,0,0,0,0,0,0,0,516.476993818412,45.3049994577554,172.158997939471,144.975998264817,0,63.4269992408576,0,0,190.280997722573,0,0,0,0,0,0,0,0,0,0,0,45.3049994577554,0,0,0,0,0,0,45.3049994577554,0,0,0,0,0,0,0,0,0,0,0,0,0,0,0,0,0,0,0,0,0,0,0,0,0,0,0,0,0,0,0,0,36.2439995662043,0,0,0,0,0,0,0,0,0,0,0,36.2439995662043,0,0,0,0,0,0,94977.4008632385,0,10266.1128771274,0,0,1531.30898167213,0,0,3633.46095651198,0,0,4874.81794165448,0,0,0,0,0,0,0,0,0,0,0,0,0,0,0,0,1005.77098796217,0,0,0
"39","250Mc2",5,"crest","May","resistant","healthy",3559.48362304749,316.867978312833,6.03558053929205,44678.3849421094,2639.05759080545,1018.50421600553,333.465824795886,0,586.960207446152,0,0,0,0,0,0,0,0,0,0,0,0,0,0,0,0,0,0,0,0,0,0,0,0,0,0,0,0,0,0,0,0,0,0,0,0,0,0,0,0,0,0,0,0,0,0,0,0,0,0,0,0,0,0,0,0,0,0,0,0,0,0,0,0,0,414.946162076329,0,0,0,0,0,0,0,0,0,0,0,0,0,0,0,0,0,0,0,0,0,0,0,0,0,7.54447567411506,0,0,0,0,0,0,0,0,0,0,0,0,0,0,0,0,0,0,0,6.03558053929205,0,0,0,0,0,0,0,0,0,0,0
"40","251Mc",5,"crest","May","unknown","bleached",68313.7470404114,11902.8475669232,69401.9306215861,351402.690528229,49425.0295696507,27459.8424681615,0,0,0,0,0,0,0,0,0,0,0,0,0,0,0,11204.2605765395,0,15248.0045016454,2136.06406675033,0,2552.52938794064,0,0,0,7187.38538183287,0,0,0,0,0,0,0,9215.97452698569,0,0,0,0,0,0,0,0,0,0,0,0,0,0,0,0,0,0,0,0,0,0,0,0,0,2686.87303993752,0,0,0,0,0,0,0,0,0,0,0,0,0,0,0,0,0,0,0,0,0,0,0,0,0,0,0,0,0,5682.73647946785,0,0,0,0,0,67870.4129888218,0,0,41579.3602930331,0,0,0,0,0,0,0,0,0,0,0,11284.8667677376,0,0,4110.9157511044,0,6690.31386944442,0,0,0,0,0,0,0,0,0,4487.07797669566,0
"41","252Mc2",5,"crest","May","resistant","healthy",4401.63960650775,0,0,44151.7222702008,3506.98302819316,1068.90012347325,342.295695311665,0,552.360883002932,0,0,0,0,0,0,0,0,0,0,0,0,0,0,0,0,0,0,0,0,0,0,0,0,0,0,0,0,0,0,0,0,0,0,0,0,0,0,0,0,0,0,0,0,0,0,0,0,0,0,0,0,0,0,0,0,0,0,0,0,0,0,0,0,0,0,0,0,0,0,0,0,0,0,0,0,0,0,0,0,0,0,0,0,0,0,0,0,0,0,0,1.76897000161067,0,0,2.21121250201334,0,0,0,0,0,0,0,0,0,0,0,0,0,0,0,0,0,0,0,0,0,0,0,0,0,0,0,0
"42","255Mc2",5,"crest","May","resistant","healthy",3265.10267387858,0,1.62241126652352,44242.7496352797,2077.9032296,1645.53062707148,591.368906647823,0,595.830537630762,0,0,0,0,0,0,0,0,0,0,0,0,0,0,0,0,0,0,0,0,0,0,0,0,0,0,0,0,0,0,0,0,0,0,0,0,0,0,0,0,0,0,0,0,0,0,0,0,0,0,0,0,0,0,0,0,0,0,0,0,0,0,0,0,0,0,0,0,0,0,0,0,0,0,0,0,0,0,0,0,0,0,0,0,0,0,0,0,0,0,0,2.0280140831544,0,0,3.24482253304704,0,0,0,0,0,0,1.62241126652352,0,0,0,0,0,0,0,0,0,0,0,0,0,0,0,0,0,0,0,0,0
"43","255Oc",5,"crest","October","resistant","healthy",3907.5292059988,0,0,52165.3776010957,2465.88982922482,1998.15794253816,692.902227439938,0,748.737149334041,0,0,0,0,0,0,0,0,0,0,0,0,13.7298988264188,0,9.15326588427923,7.32261270742338,7.32261270742338,0,0,0,0,0,0,0,0,0,0,0,0,0,0,0,0,0,0,0,0,0,0,0,0,0,0,0,0,0,0,0,0,0,0,0,0,0,0,0,0,0,0,0,0,0,0,0,0,0,0,0,0,0,0,0,0,0,0,0,0,0,0,0,0,0,0,0,0,0,0,0,0,0,0,0,0,0,0,0,0,0,0,0,0,0,0,0,0,0,0,0,0,0,0,0,0,0,0,0,0,0,0,0,0,0,0
"44","256Mc2",5,"crest","May","resistant","healthy",3072.25156348299,0,0,43412.7569234808,1924.61741699112,1546.68459844463,574.545267501323,0,573.088878990547,0,0,0,0,0,0,0,0,0,0,0,0,0,0,0,0,0,0,0,0,0,0,0,0,0,0,0,0,0,0,0,0,0,0,0,0,0,0,0,0,0,0,0,0,0,0,0,0,0,0,0,0,0,0,0,0,0,0,0,0,0,0,0,0,0,0,0,0,0,0,0,0,0,0,0,0,0,0,0,0,0,0,0,0,0,0,0,0,0,0,0,0,0,0,0,0,0,0,0,0,0,0,0,0,0,0,0,0,0,0,0,0,0,0,0,0,0,0,0,0,0,0,0
"45","256Oc2",5,"crest","October","resistant","healthy",3225.91836818139,781.102113377056,0,45038.4717661371,2041.15945795847,1676.10502303057,558.542816887071,0,626.216093335846,0,0,0,0,0,0,0,0,0,0,0,0,0,0,0,0,0,0,0,0,0,0,0,0,0,0,0,0,0,0,0,0,0,0,0,0,0,0,0,0,0,0,0,0,0,0,0,0,0,0,0,0,0,0,0,0,0,0,0,0,0,0,0,0,0,997.465969065392,0,0,0,0,0,0,0,0,0,0,0,0,0,0,0,0,0,0,0,0,0,0,0,0,0,4.28915132421812,0,0,2.38286184678785,0,0,0,0,0,0,0,0,0,0,0,0,0,0,0,0,0,0,0,0,0,0,0,0,0,0,0,0
"46","257Mc2",5,"crest","May","resistant","healthy",3280.41664297371,0,0,43616.0515672494,2129.26216341682,1602.64930105717,544.704118273419,0,606.450361283475,0,0,0,0,0,0,0,0,0,0,0,0,0,0,0,0,0,0,0,0,0,0,0,0,0,0,0,0,0,0,0,0,0,0,0,0,0,0,0,0,0,0,0,0,0,0,0,0,0,0,0,0,0,0,0,0,0,0,0,0,0,0,0,0,0,0,0,0,0,0,0,0,0,0,0,0,0,0,0,0,0,0,0,0,0,0,0,0,0,0,0,1.96644086019285,0,0,4.71945806446284,0,0,0,0,0,0,0,0,0,0,0,0,0,0,0,0,0,0,0,0,0,0,0,0,0,0,0,0
"47","257Oc",5,"crest","October","resistant","healthy",8336.42908445937,13.3116632087176,0,137020.277323132,6662.48743596313,5557.61938963958,1673.94164849623,0,0,0,0,0,0,735.469392281645,0,0,0,0,0,0,0,66.5583160435878,0,39.9349896261527,0,0,0,0,0,0,0,0,0,0,0,0,0,0,0,13.3116632087176,0,0,0,0,0,0,0,0,0,0,0,0,0,0,0,0,0,0,0,0,0,0,0,0,0,0,0,0,0,0,0,0,0,0,0,0,0,0,0,0,0,0,0,0,0,0,0,0,0,0,0,0,0,0,0,0,0,0,0,0,0,0,0,0,0,0,0,0,0,0,0,0,0,0,0,0,0,0,0,0,0,0,0,0,0,0,0,0,0,0,0,0
"48","259Mc2",5,"crest","May","resistant","healthy",2930.58597253601,40.116518585719,0,44260.7035353223,1796.32855444942,1520.26747470028,500.416424432228,0,633.84099365436,0,0,0,0,0,0,0,0,0,0,0,0,0,0,0,0,0,0,0,0,0,0,0,0,0,0,0,0,0,0,0,0,0,0,0,0,0,0,0,0,0,0,0,0,0,0,0,0,0,0,0,0,0,0,0,0,0,0,0,0,0,0,0,0,0,87.6620220947193,0,0,0,0,0,0,0,0,0,0,0,0,0,0,0,0,0,0,0,0,0,0,0,0,0,0,0,0,0,0,0,0,0,0,0,0,0,0,0,0,0,0,0,0,0,0,0,0,0,0,0,0,0,0,0,0,0
"49","259Oc",5,"crest","October","resistant","healthy",8733.91529676812,0,0,125431.825145004,5283.70904123632,4744.80788462722,1538.24276503363,0,1911.96349049817,0,0,0,0,607.038084456224,0,0,0,0,0,0,0,30.9713308396033,0,22.7123092823757,0,8.25902155722754,18.582798503762,0,0,0,0,0,0,0,0,0,0,0,0,0,0,0,0,0,0,0,0,0,0,0,0,0,0,0,0,0,0,0,0,0,0,0,0,0,0,0,0,0,0,0,0,0,0,0,0,0,0,0,0,0,0,0,0,0,0,0,0,0,0,0,0,0,0,0,0,0,0,0,0,0,14.4532877251482,0,0,0,0,0,0,0,0,0,0,0,0,0,0,0,0,0,0,0,0,0,0,0,0,0,0,0,0,0,0,0
"50","25NBOb2",1,"backreef","October","unknown","healthy",0,0,255406.914990502,13736.7502927324,0,0,0,0,0,0,0,0,0,0,0,0,0,0,0,0,0,345.144479716894,1035.43343915068,276.115583773515,276.115583773515,759.317855377168,0,276.115583773515,0,0,0,0,0,0,0,0,0,0,0,0,0,0,0,0,0,0,0,0,0,0,0,0,0,0,0,0,0,0,0,0,0,0,0,0,0,0,0,0,0,0,0,0,0,0,0,0,0,0,0,0,0,0,0,0,0,0,0,0,0,0,0,0,0,0,0,0,0,0,0,0,838770.114607997,634237.495927765,545949.538016184,0,185066.470024199,208260.179061174,82903.704027998,77105.2767687542,25195.5470193333,55499.2323384766,0,0,40658.0197106502,46387.4180739506,40934.1352944237,0,39346.470687726,32581.6388852748,0,26507.0960422575,0,0,0,14841.2126278265,0,0,0,0,0,0,0,0
"51","260Mc2",5,"crest","May","resistant","healthy",2850.52499051678,0,0,44370.4455291944,1693.67318071843,1614.32613701147,535.416998465092,0,621.434811333255,0,0,0,0,0,0,0,0,0,0,0,0,2.45765179623321,0,0,0,0,0,0,0,0,0,0,0,0,0,0,0,0,0,0,0,0,0,0,0,0,0,0,0,0,0,0,0,0,0,0,0,0,0,0,0,0,0,0,0,0,0,0,0,0,0,0,0,0,0,0,0,0,0,0,0,0,0,0,0,0,0,0,0,0,0,0,0,0,0,0,0,0,0,0,0,0,0,0,0,0,0,0,0,0,0,0,0,0,0,0,0,0,0,0,0,0,0,0,0,0,0,0,0,0,0,0
"52","262Mc2",5,"crest","May","resistant","healthy",65517.1149286842,0,0,1017413.78482897,39128.9397243416,38140.4908985525,11186.5139525513,0,15201.6612517913,0,0,0,0,0,0,0,0,0,0,0,0,279.49242660244,0,88.6195498983347,40.9013307223083,0,47.7182191760264,0,0,0,0,0,0,0,0,0,0,0,0,0,0,0,0,0,0,0,0,0,0,0,0,0,0,0,0,0,0,0,0,0,0,0,0,0,0,0,0,0,0,0,0,0,0,0,0,0,0,0,0,0,0,0,0,0,0,0,0,0,0,0,0,0,0,0,0,0,0,0,0,0,47.7182191760264,0,0,115.887103713207,0,0,0,0,0,0,0,0,0,0,0,0,0,0,0,0,0,0,0,0,0,0,0,0,0,0,0,0
"53","262Oc2",5,"crest","October","resistant","healthy",699909.022767601,496.318977994328,0,10649814.1022111,417304.996697631,385540.582105994,128844.406687327,0,153759.619382643,0,0,0,0,0,0,0,0,0,0,0,0,7146.99328311832,0,1389.69313838412,1488.95693398298,0,694.846569192059,0,0,0,0,0,0,0,0,397.055182395462,0,0,0,0,0,0,0,496.318977994328,0,0,0,0,0,0,0,0,0,0,0,0,0,0,0,0,0,0,0,0,0,0,0,0,0,0,0,0,0,0,0,0,0,0,0,0,0,0,0,0,0,0,0,0,0,0,0,0,0,0,0,0,0,0,0,0,992.637955988655,0,496.318977994328,595.582773593193,0,0,0,0,0,0,0,0,0,0,0,0,0,0,0,0,0,0,0,0,0,0,0,0,0,0,0,0
"54","263Oc",5,"crest","October","resistant","healthy",364101.040576266,0,0,14544526.6627261,0,560854.613163734,158792.964832821,0,205308.075743445,0,0,0,0,64693.4301170751,0,0,0,0,0,0,0,30742.7457167919,0,4811.90802523699,1603.96934174566,0,3475.2669071156,0,2138.62578899422,0,1069.31289449711,0,0,0,0,0,0,0,0,0,0,0,0,0,0,0,0,0,0,0,0,0,0,0,0,0,0,0,0,0,0,0,0,0,0,0,0,0,0,0,0,0,0,0,0,0,0,0,0,0,0,0,0,0,0,0,0,0,0,0,0,0,0,0,0,0,0,0,0,0,0,0,0,0,0,0,0,0,0,0,0,0,0,0,0,0,0,0,0,0,0,0,0,0,0,0,0,0,0,0,0,0
"55","264Mc2",5,"crest","May","died","bleached",3571.85479690877,0,1429.25882973267,70713.4205813487,2013.36822488562,2222.71716739619,0,0,1077.75937070257,0,0,0,0,0,0,0,0,0,0,0,0,41.3528775329525,33.5992129955239,20.6764387664762,0,18.0918839206667,0,0,0,0,0,0,0,0,0,0,0,0,0,0,0,0,0,0,0,0,0,0,0,0,0,0,377.345007488191,0,0,0,0,0,0,0,0,0,0,0,0,0,0,0,0,0,0,0,0,0,0,0,0,0,0,0,0,0,0,0,0,0,0,0,0,0,0,0,0,0,0,0,0,0,0,0,829.642105504859,0,0,2881.77865307762,0,0,0,0,0,0,666.815150218858,0,0,0,0,330.82302026362,0,0,0,0,253.286374889334,0,0,0,0,0,0,0,0,0,0,0
"56","266Mc",5,"crest","May","resistant","healthy",6482.8158218707,0,0,40850.7148221607,5606.01325597338,952.746095227004,421.141389919183,0,455.661175978132,0,0,0,0,0,0,0,0,0,0,0,0,0,0,0,0,0,0,0,0,0,0,0,0,0,0,0,0,0,0,0,0,0,0,0,0,0,0,0,0,0,0,0,0,0,0,0,0,0,0,0,0,0,0,0,0,0,0,0,0,0,0,0,0,0,0,0,0,0,0,0,0,0,0,0,0,0,0,0,0,0,0,0,0,0,0,0,0,0,0,0,0,0,0,0,0,0,0,0,0,0,0,0,0,0,0,0,0,0,0,0,0,0,0,0,0,0,0,0,0,0,0,0
"57","266Oc2",5,"crest","October","resistant","healthy",525751.399865823,187.674519835019,300.279231736031,3464471.63615445,437994.794390968,87681.535666921,41776.3481152753,0,45980.2573595797,0,0,0,0,0,0,0,0,0,0,0,0,975.9075031421,337.814135703035,487.95375157105,150.139615868015,225.209423802023,0,0,0,187.674519835019,0,0,0,0,0,0,0,0,187.674519835019,0,0,0,0,0,0,0,0,0,0,0,0,0,0,0,0,0,0,0,0,0,0,0,0,0,0,0,0,0,0,0,0,0,0,0,0,0,0,0,0,0,0,0,0,0,0,0,0,0,0,0,0,0,0,0,0,0,0,0,0,0,975.9075031421,187.674519835019,0,638.093367439065,0,0,0,0,0,0,0,0,0,0,0,300.279231736031,0,0,0,0,0,0,0,0,0,0,0,0,0,0,0,0
"58","267Mc",5,"crest","May","died","bleached",16524.616203646,23.6912060267327,0,41285.4801824857,8495.66648118634,0,8028.94972245971,0,0,0,0,0,0,245.203982376683,0,0,0,0,0,0,0,4431.44008730035,0,0,0,0,0,0,0,747.457550143416,0,0,0,0,0,0,0,0,0,0,0,0,0,0,0,0,0,0,0,0,0,0,0,0,0,0,0,0,0,0,0,0,0,0,0,0,0,0,0,0,0,0,0,0,0,0,0,0,0,0,0,0,0,0,0,0,0,0,0,0,0,0,0,0,0,0,0,0,0,0,11.8456030133663,0,0,0,0,0,0,0,0,0,0,0,0,0,0,0,0,0,0,0,0,0,0,0,0,0,0,0,0,0,0,0
"59","268Mc2",5,"crest","May","resistant","healthy",3870.61640688233,0,0,44000.8823414844,2769.38170173253,1573.78793203273,515.753762460041,0,585.48094268976,0,0,0,0,0,0,0,0,0,0,0,0,3.41056859819277,0,0,0,0,0,0,0,0,0,0,0,0,0,0,0,0,0,0,0,0,0,0,0,0,0,0,0,0,0,0,0,0,0,0,0,0,0,0,0,0,0,0,0,0,0,0,0,0,0,0,0,0,0,0,0,0,0,0,0,0,0,0,0,0,0,0,0,0,0,0,0,0,0,0,0,0,0,0,1.89476033232932,0,0,1.51580826586346,0,0,0,0,0,0,0,0,0,0,0,0,0,0,0,0,0,0,0,0,0,0,0,0,0,0,0,0
"60","269Oc2",5,"crest","October","recovered","bleached",752.628318276359,1067528.00664319,376.314159138179,0,0,0,376.314159138179,0,0,0,0,0,0,0,0,0,0,0,0,0,0,4601117.96095069,0,754359.363408394,347563.757380022,0,711459.549266642,0,179276.065413429,303309.212265373,108227.95216814,106045.330045139,94454.853943683,0,0,189963.387532953,99346.9380124793,99798.5150034452,51103.4628109648,56898.7008616927,53587.1362612767,67661.2858130446,0,54038.7132522426,60586.5796212469,59006.0601528665,0,57199.7521890033,51630.3026337582,0,65629.1893536985,49146.6291834462,0,52458.1937838622,49899.2575017226,0,43953.4937873393,40867.7176824063,43200.865469063,85272.7884607114,0,39061.409718543,0,0,95809.5849165805,0,0,0,0,0,0,0,0,0,0,0,0,0,0,0,0,0,0,0,0,0,51329.2513064477,0,0,0,0,60059.7397984534,0,0,0,48092.9495378593,0,0,0,0,677.365486448723,526.839822793451,376.314159138179,1128.94247741454,0,0,0,0,0,0,0,0,0,0,0,0,0,0,0,0,376.314159138179,0,0,0,0,0,0,0,0,0,0,0
"61","26NBOb",1,"backreef","October","unknown","healthy",8206.60443811998,48.5876122195797,0,93720.8019445802,6128.3085089857,2377.65831410008,711.573417667393,0,1366.72251146689,0,0,0,0,0,0,0,0,0,0,0,0,0,401.239636393948,0,0,0,0,81.5018011425208,0,0,0,0,0,0,25.0774772746218,0,0,0,0,0,0,0,0,0,0,0,0,0,0,0,0,0,0,0,0,0,0,0,0,0,18.8081079559663,0,0,9.40405397798317,0,0,0,14.1060809669747,0,0,0,0,0,7.83671164831931,0,0,0,0,0,0,0,0,0,0,10.971396307647,0,0,0,0,0,0,0,0,0,0,0,0,0,0,0,25.0774772746218,28.2121619339495,14.1060809669747,6.26936931865544,0,0,0,0,0,0,0,0,0,0,0,0,0,0,0,0,0,0,0,0,0,0,0,0,0,0,0,0
"62","270Mc",5,"crest","May","resistant","healthy",4186.14315520014,0,0,43642.1372189139,3165.45454562953,1358.35175950399,389.357508392235,0,631.33110117837,0,0,0,0,0,0,0,0,0,0,0,0,0,0,0,0,0,0,0,0,0,0,0,0,0,0,0,0,0,0,0,0,0,0,0,0,0,0,0,0,0,0,0,0,0,0,0,0,0,0,0,0,0,0,0,0,0,0,0,0,0,0,0,0,0,0,0,0,0,0,0,0,0,0,0,0,0,0,0,0,0,0,0,0,0,0,0,0,0,0,0,9.89891970488734,0,0,12.0986796393068,0,0,0,0,0,0,0,0,0,0,0,0,0,0,0,0,0,0,0,0,0,0,0,0,0,0,0,0
"63","270Oc",5,"crest","October","resistant","healthy",4713.41206385027,0,0,43104.3628433801,3620.03083270687,1737.45960009232,496.638742322057,0,596.742488821346,0,0,0,0,231.247414393708,0,0,0,0,0,0,0,3.87999017439107,0,3.10399213951285,0,0,0,0,0,0,0,0,0,0,0,0,0,0,0,0,0,0,0,0,0,0,0,0,0,0,0,0,0,0,0,0,0,0,0,0,0,0,0,0,0,0,0,0,0,0,0,0,0,0,0,0,0,0,0,0,0,0,0,0,0,0,0,0,0,0,0,0,0,0,0,0,0,0,0,0,0,0,0,0,0,0,0,0,0,0,0,0,0,0,0,0,0,0,0,0,0,0,0,0,0,0,0,0,0,0,0,0
"64","271Mc",5,"crest","May","resistant","healthy",4688.60260512552,0,0,42387.578148795,3385.72059576172,1644.51588194899,491.501561973976,0,0,0,0,590.607614634303,0,239.304858862739,0,0,0,0,220.772832755524,0,0,0,0,0,0,0,0,0,0,0,0,0,0,0,0,0,0,0,0,0,0,0,0,0,0,0,0,0,0,0,0,0,0,0,0,0,0,0,0,0,0,0,0,0,0,0,0,0,0,0,0,0,0,0,0,0,0,0,0,0,0,0,0,0,0,0,0,0,0,0,0,0,0,0,0,0,0,0,0,0,0,0,0,5.64018185871776,0,0,0,0,0,0,0,0,0,0,0,0,0,0,0,0,0,0,0,0,0,0,0,0,0,0,0,0
"65","271Oc",5,"crest","October","resistant","healthy",4593.43530147494,0,0,41350.1303793424,3243.77972252171,1685.91789043304,588.689361741373,0,0,0,0,550.917430862819,0,211.891319562623,0,0,0,0,210.048786349035,0,0,4.60633303397006,0,0,0,0,0,0,0,4.60633303397006,0,0,0,0,0,0,0,0,0,0,0,0,0,0,0,0,0,0,0,0,0,0,0,0,0,0,0,0,0,0,0,0,0,0,0,0,0,0,0,0,0,0,0,0,0,0,0,0,0,0,0,0,0,0,0,0,0,0,0,0,0,0,0,0,0,0,0,0,0,0,0,0,0,0,0,0,0,0,0,0,0,0,0,0,0,0,0,0,0,0,0,0,0,0,0,0,0,0,0,0,0,0
"66","272Mc2",5,"crest","May","recovered","bleached",4077.26414291853,0,858.67539026876,43860.3110640363,2272.79439061047,880.816123425914,643.04390212952,0,0,0,0,380.243025959821,0,0,0,0,0,0,0,295.530655619405,0,11.5516868646021,927.985511456373,0,0,0,0,371.097940525344,0,0,0,0,0,0,77.0112457640143,0,0,0,0,0,0,0,0,0,0,0,0,0,0,0,0,0,0,0,0,0,0,0,0,0,0,0,0,0,0,0,0,0,0,0,0,0,0,0,0,0,0,0,0,0,0,0,0,0,0,0,0,0,0,0,0,0,0,0,0,0,0,0,0,0,1015.10448322691,0,0,383.612267961996,0,0,0,0,0,0,0,0,0,0,0,119.848751220247,0,0,130.437797512799,0,0,0,0,0,0,100.114619493219,0,0,0,0,0,0
"67","276Mc",5,"crest","May","recovered","bleached",0,0,0,43045.7307176081,0,0,0,0,0,0,0,0,0,0,0,0,0,0,0,0,0,0,10761.432679402,0,0,0,0,0,0,0,0,0,0,0,0,0,0,0,0,0,0,0,0,0,0,0,0,0,0,0,0,0,0,0,0,0,0,0,0,0,0,0,0,0,0,0,0,0,0,0,0,0,0,0,0,0,0,0,0,0,0,0,0,0,0,0,0,0,0,0,0,0,0,0,0,0,0,0,0,0,0,0,0,0,0,0,0,0,0,0,0,0,0,0,0,0,0,0,0,0,0,0,0,0,0,0,0,0,0,0,0,0
"68","27BNMb",1,"backreef","May","unknown","healthy",17340.0055418755,0,0,37240.1359714472,0,350407.233578438,0,0,0,0,84017.9921127433,0,0,0,17340.0055418755,0,0,0,0,0,0,71.7121817281865,0,0,0,0,0,0,0,0,0,0,0,0,0,0,0,0,0,0,0,0,0,0,0,0,0,0,0,0,0,0,0,0,0,0,0,0,0,0,0,0,0,0,0,0,0,0,0,0,0,0,0,0,0,0,0,0,0,0,0,0,0,0,0,0,0,0,0,0,0,0,0,0,0,0,0,0,0,0,0,0,0,0,0,0,0,0,0,0,0,0,0,0,0,0,0,0,0,0,0,0,0,0,0,0,0,0,0,0,0,0
"69","27NBOb2",1,"backreef","October","unknown","healthy",6041.12207369603,332998.436257391,0,0,0,0,0,2504.85549397152,0,1178.75552657484,0,0,0,0,0,0,0,0,0,0,0,1181702.41539127,7226066.06678538,790208.236127605,245181.149527566,0,145576.307531992,1406402.6876446,112865.84166954,284227.426345357,0,0,0,0,369834.546462855,0,0,80892.0980111981,0,0,0,0,0,0,0,0,0,0,0,177697.395631156,0,0,162078.88490404,0,0,0,0,0,0,0,196852.172937998,0,0,92384.9643953027,0,0,0,130252.485686519,0,0,0,67041.7205739438,0,89585.4200196875,0,0,105351.275187626,0,0,97394.6753832458,0,0,0,0,0,0,0,0,0,0,0,0,0,0,0,0,0,0,0,0,1473.44440821854,0,0,0,0,0,0,589.377763287418,0,0,0,0,0,0,0,0,0,0,0,0,0,0,0,0,0,0,0,0,0,0,0,0
"70","280Mc2",5,"crest","May","died","bleached",63229.7674341952,2388.22705186734,62530.7741507218,422890.936501388,25571.5042870674,2300.85289143317,24668.637962581,0,0,0,0,0,0,0,0,12989.6251845468,0,0,0,0,0,26124.8739698172,0,465.995522315579,0,0,6494.81259227339,0,0,0,0,145.623600723619,0,0,0,174.748320868342,0,0,0,0,0,0,0,0,0,0,5504.57210735278,0,0,0,0,0,0,0,0,0,0,0,0,0,0,0,0,0,0,0,0,0,0,0,0,0,0,0,0,0,0,0,0,0,0,0,0,0,0,0,0,0,0,0,0,0,0,0,0,0,0,0,0,0,102169.518267691,0,0,70161.4508286394,0,0,0,0,0,0,0,0,0,0,0,20882.4243437669,0,0,0,0,17154.4601652423,0,0,0,0,0,0,0,0,0,0,0
"71","283Mc2",5,"crest","May","unknown","bleached",5484.94484567641,112.925335058044,3839.46139197349,38749.5221156316,4033.04768064442,0,935.667061909506,0,0,0,0,0,0,0,0,0,0,0,0,0,0,0,548.494484567641,709.816391793418,0,0,0,0,0,0,0,0,0,0,0,0,0,0,0,0,0,0,0,0,0,0,0,0,0,0,0,0,548.494484567641,0,0,0,0,0,0,0,0,0,0,0,0,0,0,0,0,0,0,0,0,0,0,0,0,0,0,0,0,0,0,0,0,0,0,0,0,0,0,0,0,0,0,0,0,0,0,0,6662.59476842458,0,0,3355.49567029616,0,0,0,0,0,0,0,0,0,0,0,0,0,0,0,0,0,0,0,0,0,0,0,0,0,0,0,0
"72","28NBOb2",1,"backreef","October","unknown","healthy",0,998650.760184245,0,61024.6690263557,0,0,0,0,0,0,0,0,0,0,0,0,0,0,0,0,0,0,15679989.5657877,319721.403212593,0,0,0,2192580.46125283,0,0,0,0,0,0,983095.452393213,0,0,0,0,0,0,0,0,0,0,0,0,0,0,289568.037340747,0,0,569324.265151766,0,0,0,0,0,0,0,470009.607716716,0,0,477906.917826009,0,0,0,292439.786471399,0,0,0,260132.608751564,0,177809.133672872,0,0,194321.691174121,0,0,189296.13019548,0,0,0,0,187620.9432026,0,0,0,102904.343848365,0,0,0,0,0,0,0,0,115348.59008119,0,0,2632.4367030977,0,0,0,0,0,0,0,0,0,0,0,0,0,0,0,0,0,0,0,0,0,0,0,0,0,0,0,0,0,0,0
"73","291Mc",5,"crest","May","resistant","healthy",3194.37611275427,0,0,38476.7864505986,2400.02541096416,1748.25047616201,412.451325929484,0,0,0,0,381.899375860633,0,220.652972719477,0,0,0,0,0,0,0,0,0,0,0,0,0,0,0,0,0,0,0,0,0,0,0,0,0,0,0,0,0,0,0,0,0,0,0,0,0,0,0,0,0,0,0,0,0,0,0,0,0,0,0,0,0,0,0,0,0,0,0,0,0,0,0,0,0,0,0,0,0,0,0,0,0,0,0,0,0,0,0,0,0,0,0,0,0,0,0,0,0,0,0,0,0,0,0,0,0,0,0,0,0,0,0,0,0,0,0,0,0,0,0,0,0,0,0,0,0,0
"74","292Mc",5,"crest","May","unknown","bleached",246183.847326041,392500.662246236,0,4865614.71837789,0,0,0,0,0,0,0,0,0,0,0,0,0,0,0,0,0,922028.182909796,137026.858417325,262441.271206063,146316.814920194,46449.7825143474,62707.206394369,30192.3586343258,0,104512.010657282,0,0,0,0,0,0,0,0,0,0,0,0,0,0,0,0,0,0,0,0,0,0,0,0,0,0,0,123091.923663021,0,0,0,0,0,0,46449.7825143474,0,0,0,0,0,0,0,0,0,0,0,0,0,0,0,0,0,0,0,0,0,16257.4238800216,0,0,0,0,0,0,0,0,0,0,0,0,0,0,0,0,0,0,0,0,0,0,0,0,0,0,0,0,0,0,0,0,0,0,0,0,0,0,0,0,0,0,0,0,0
"75","293Mc",5,"crest","May","resistant","healthy",4658.23703999912,0,0,49718.4166839262,3555.48205795997,1224.97467778152,366.659087227122,0,736.095894812025,0,0,0,0,0,0,0,0,0,0,0,0,47.2212460822808,0,11.1108814311249,11.1108814311249,0,0,0,0,0,0,0,0,0,0,0,0,0,0,0,0,0,0,0,0,0,0,0,0,0,0,0,0,0,0,0,0,0,0,0,0,0,0,0,0,0,0,0,0,0,0,0,0,0,0,0,0,0,0,0,0,0,0,0,0,0,0,0,0,0,0,0,0,0,0,0,0,0,0,0,0,0,0,0,0,0,0,0,0,0,0,0,0,0,0,0,0,0,0,0,0,0,0,0,0,0,0,0,0,0,0,0
"76","294Mc",5,"crest","May","resistant","healthy",4332.30155627003,40.2380949498765,0,43676.2166183715,3290.58198701212,1242.9100440073,442.619044448641,0,599.100524809272,0,0,0,0,0,0,0,0,0,0,0,0,125.185184288505,0,0,0,0,0,0,0,0,0,0,0,0,0,0,0,0,0,0,0,0,0,0,0,0,0,0,0,0,0,0,0,0,0,0,0,0,0,0,0,0,0,0,0,0,0,0,0,0,0,0,0,0,236.957670260384,0,0,0,0,0,0,0,0,0,0,0,0,0,0,0,0,0,0,0,0,0,0,0,0,0,0,0,0,0,0,0,0,0,0,0,0,0,0,0,0,0,0,0,0,0,0,0,0,0,0,0,0,0,0,0,0,0
"77","295Mc2",5,"crest","May","resistant","healthy",24385694.4066189,628467.190085207,0,232826663.878594,19287911.0071661,5189232.18562615,1877618.69483661,0,3220164.70461615,0,0,0,0,0,0,0,0,0,0,0,0,3041158.56997888,0,385252.333241087,256834.888827391,0,307423.579050968,0,93394.5050281422,0,48642.9713688241,64208.7222068478,52534.40907833,0,0,140091.757542213,0,0,0,56425.8467878359,31131.5016760474,0,0,35022.9393855533,31131.5016760474,42805.8148045652,0,33077.2205308004,29185.7828212945,0,29185.7828212945,0,0,21402.9074022826,25294.3451117885,0,0,21402.9074022826,0,0,0,0,27240.0639665415,0,40860.0959498122,25294.3451117885,0,0,0,0,0,0,0,0,0,0,0,0,0,0,0,0,0,0,0,0,19457.1885475296,0,0,0,0,0,0,0,0,40860.0959498122,0,0,0,0,7782.87541901185,0,0,9728.59427376482,0,0,0,0,0,0,0,0,0,0,0,0,0,0,0,0,0,0,0,0,0,0,0,0,0,0,0,0
"78","296Mc2",5,"crest","May","resistant","healthy",4234215.61306605,1524.19568504898,0,46567988.6674588,3201954.08536663,1116854.38821964,410008.639278174,0,622252.888421244,0,0,0,0,0,0,0,0,0,0,0,0,33151.2561498152,0,4191.53813388468,2667.34244883571,3810.48921262244,3810.48921262244,0,1524.19568504898,2667.34244883571,2667.34244883571,0,1524.19568504898,0,0,0,0,0,0,0,0,0,0,0,0,0,0,0,0,0,1524.19568504898,0,0,0,0,0,0,0,0,0,0,0,0,0,0,0,0,0,0,0,0,0,0,0,0,0,0,0,0,0,0,0,0,0,0,0,0,0,0,0,0,0,0,0,0,0,0,0,0,0,1524.19568504898,0,0,0,0,0,0,0,0,0,0,0,0,0,0,0,0,0,0,0,0,0,0,0,0,0,0,0,0,0,0,0
"79","29BNMb2",1,"backreef","May","unknown","healthy",14001.7702996903,36.6538489520689,85.5256475548275,709441.355442119,0,20739.9695320457,4343.48110082017,0,9658.28919887016,0,0,0,0,0,0,0,0,0,0,0,0,24.4358993013793,342.10259021931,36.6538489520689,0,0,0,0,0,0,0,36.6538489520689,0,0,30.5448741267241,0,0,0,0,0,0,0,0,0,0,0,0,0,0,0,0,0,0,0,0,0,0,0,0,0,0,0,0,0,0,0,0,0,0,0,0,0,0,0,0,0,0,0,0,0,0,0,0,0,0,0,0,0,0,0,0,0,0,0,0,0,0,0,0,0,207.705144061724,97.7435972055171,79.4166727294826,164.94232028431,0,0,24.4358993013793,0,0,0,0,0,0,0,0,0,0,0,0,0,24.4358993013793,0,0,0,0,0,0,0,0,0,0,0
"80","29NBOb",1,"backreef","October","unknown","healthy",0,1209833.65251969,0,20270.2504610807,0,0,0,0,0,0,0,0,0,0,0,0,0,0,0,0,0,0,19478959.9430815,479729.260912244,0,0,0,3075447.44495619,0,0,0,0,0,0,1231605.40301492,0,0,0,0,0,0,0,0,0,0,0,0,0,0,453077.635306008,0,0,561936.387782182,0,0,0,0,0,0,0,577326.763132262,0,0,228228.005191427,0,0,0,301801.50686498,0,0,0,246996.755618354,0,240615.380473199,0,0,182056.879141188,0,0,240990.755481738,0,0,0,0,182807.629158265,0,0,0,153153.003483721,0,0,0,0,0,0,0,157282.128577645,0,0,0,13513.5003073872,8258.2501878477,6006.00013661651,0,3003.00006830826,0,2252.25005123119,0,0,0,0,0,0,0,0,0,0,0,0,0,0,0,0,0,0,0,0,0,0,0,0,0
"81","2NBOb",1,"backreef","October","unknown","healthy",0,1003545.4391157,0,46655.6663692592,0,0,0,0,0,0,0,0,0,0,0,0,0,0,0,0,0,0,16984905.6192935,425284.343442863,0,0,0,3823970.19357274,0,0,0,0,0,0,894981.292371847,0,0,0,0,0,0,0,0,0,0,0,0,0,0,798978.286573564,0,0,424387.119089608,0,0,0,0,0,0,0,499305.352586399,0,0,253465.879794533,0,0,0,232829.719669668,0,0,0,166883.729705427,0,201426.867305744,0,0,183930.992417272,0,0,178547.646297742,0,0,0,0,128751.69469209,0,0,0,168678.178411937,0,0,0,0,0,0,0,125611.409455698,0,0,0,7177.79482603988,3140.28523639245,0,2691.67305976495,0,0,0,0,0,0,0,0,0,0,0,0,0,0,0,0,0,0,0,0,0,0,0,0,0,0,0,0
"82","301Af2",14,"forereef","August","recovered","recovering",3064.8560270937,1017876.56684085,482.112184037211,43045.7307176081,2376.12433561197,1894.01215157476,378.802430314951,0,0,0,0,0,0,0,0,0,0,0,0,0,0,504013.85182633,0,774650.969994075,502636.388443366,846967.797599657,106099.11707276,0,184855.585993696,0,113158.616910448,100244.897695166,114708.263216282,36640.525986828,0,41737.1405037928,0,0,63363.3156163191,66497.044812561,52791.2841520746,52860.1573212227,0,66083.8057976719,66255.9887205424,59437.5449748732,0,61469.3034647443,56338.2523632055,0,53204.5231669636,55305.1548259829,0,50242.9768935922,47419.1769585171,76518.0909236201,40187.4941979589,53652.1987664267,44905.3062846088,0,0,44285.4477622752,0,0,0,36123.9772182167,0,0,0,0,0,0,0,0,0,27824.7603358619,0,0,0,0,0,24794.3408933423,0,21419.5556050818,0,0,0,0,0,0,0,0,0,0,0,0,0,0,0,0,1170.84387551894,241.056092018605,172.182922870432,1377.46338296346,0,0,0,0,0,0,0,0,0,0,0,0,0,0,0,0,0,0,137.746338296346,0,0,0,0,0,0,0,0,0
"83","301Of",14,"forereef","October","recovered","healthy",0,1130238.16051233,0,3468.66823610633,0,0,0,0,0,0,0,0,0,0,0,0,0,0,0,0,0,579085.033943646,0,741929.879554532,537461.01511037,881954.539401562,107893.838291518,0,180005.625305307,0,116656.789624839,100591.378847084,103877.485597079,79961.9309165564,0,94749.411291536,73024.5944443437,46918.3019304909,54951.0073193687,57871.9910971424,56594.0606943664,55133.5688054795,39433.2809999456,58237.1140693641,54038.1998888144,53855.6384027035,0,56411.4992082555,60975.536361027,0,53673.0769165927,54403.3228610361,0,47831.1093610451,51664.9005693732,81239.8613193324,48013.670847156,44545.0026110497,40893.7728888325,0,0,40346.0884304999,0,0,0,29757.5222360701,30852.8911527352,0,0,34869.2438471741,63531.3971665791,0,0,0,0,26653.9769721855,0,0,27566.7844027398,0,0,27019.0999444072,0,0,0,26106.2925138529,0,0,0,0,0,0,0,0,0,0,0,0,0,0,0,0,0,0,0,0,0,0,0,0,0,0,0,0,0,0,0,0,0,0,0,0,0,0,0,0,0,0,0,0,0,0
"84","302Af",14,"forereef","August","recovered","recovering",0,1653633.28090037,0,16210.5328834058,0,0,0,0,0,0,0,0,0,0,0,0,0,0,0,0,0,1005529.81915008,0,717395.543487194,1086900.33715306,1250594.93391686,215504.731273512,0,194844.248186819,0,133498.506098636,85979.3949992405,90270.4184095538,292107.445487253,0,51174.4273378104,150026.892567991,102825.635054545,55624.3775410983,51015.5005448359,53399.4024394544,58643.9866076151,165601.718279498,51174.4273378104,50856.5737518613,52604.7684745815,0,50061.9397869885,50061.9397869885,0,56101.157920022,56736.8650919203,0,49903.0129940139,49267.3058221156,100759.586745875,57849.3526427422,39413.8446576925,53240.4756464798,67861.7406001399,0,53717.2560254035,46724.4771345226,0,0,0,84707.980655444,0,60233.2545373607,106004.170914036,102348.854675621,0,70086.7157017839,0,0,0,0,0,113314.803390866,0,68020.6673931145,0,0,48949.4522361665,0,0,0,43387.0144820567,0,0,43228.0876890821,0,0,0,0,0,0,0,0,0,1430.3411367711,794.633964872833,0,1112.48755082197,0,0,0,0,0,0,0,0,0,0,0,0,0,0,0,0,0,0,0,0,0,0,0,0,0,0,0,0
"85","303Of",14,"forereef","October","recovered","healthy",0,1557860.10861843,0,5242.79844246587,0,0,0,0,0,0,0,0,0,0,0,0,0,0,0,0,0,644115.237217235,0,746724.292448353,742230.465211954,842592.606824872,169267.492571041,0,200724.283225836,0,130320.98985558,83884.7750794539,104855.968849317,155037.039655776,0,33703.7042729949,97366.2567886519,63662.552515657,64411.5237217235,61415.6388974573,57670.7828671246,65160.4949277901,71901.2357823891,59168.7252792577,43440.3299518601,53925.9268367918,0,56172.8404549914,47185.1859821928,0,52427.9844246587,53925.9268367918,0,52427.9844246587,55423.8692489249,98115.2279947184,46436.2147761263,41193.4163336604,40444.4451275938,35201.646685128,0,41942.387539727,33703.7042729949,0,0,0,61415.6388974573,0,50930.0420125256,62913.5813095904,69654.3221641894,0,50930.0420125256,0,0,31456.7906547952,0,28460.905830529,38197.5315093942,0,34452.6754790614,32205.7618608618,47185.1859821928,44189.3011579266,0,35950.6178911945,0,26962.9634183959,0,0,32954.7330669283,0,0,0,0,0,0,0,0,0,0,0,0,0,0,0,0,0,0,0,0,0,0,0,0,0,0,0,0,0,0,0,0,0,0,0,0,0,0,0,0,0
"86","304Af2",14,"forereef","August","recovered","recovering",248.050687844517,1108637.74425228,7441.5206353355,0,0,0,0,0,0,0,0,0,0,0,0,0,0,0,0,0,0,820551.675389661,0,690920.385922116,790190.271197492,1430111.43569878,196853.025873408,0,160141.52407242,0,109638.404027276,98873.0041748243,82848.9297400685,58490.352193737,0,58837.6231567193,0,0,61119.6894848889,65882.2626915036,44252.2427114617,61119.6894848889,0,65981.4829666414,50106.2389445923,57398.9291672211,0,52934.0167860198,52785.1863733131,0,49709.3578440411,45244.4454628398,0,62806.4341622316,41325.2445948965,139503.706843756,28525.8291021194,33338.012446303,30956.7258429957,0,0,30807.895430289,33635.6732717164,0,0,38547.0768910379,0,0,46286.2583517868,0,0,0,0,0,0,0,0,0,0,0,0,0,0,28922.7102026706,0,0,0,30063.7433667554,0,0,28674.6595148261,0,0,0,0,0,0,0,0,0,3869.59073037446,0,0,2381.28660330736,0,0,0,0,0,0,0,0,0,0,0,595.32165082684,0,0,0,0,0,0,0,0,0,0,0,0,0,0,0,0
"87","304Of",14,"forereef","October","recovered","healthy",0,1344750.11872564,0,1408.48402066053,0,0,0,0,0,0,0,0,0,0,0,0,0,0,0,0,0,696143.227211468,0,767271.670254824,689981.109621078,1225733.21897983,145425.9751332,0,182222.620172956,0,118312.657735485,102467.212503054,115143.568688998,118840.839243232,0,33627.5559932702,78346.9236492421,48592.6987127883,60036.6313806551,53698.4532876828,56163.3003238387,64966.325452967,67255.1119865404,55811.1793186736,50001.1827334489,52818.1507747699,0,55106.9373083433,53170.2717799351,0,54050.5742928479,54050.5742928479,0,50529.3642411966,47360.2751947104,124650.835828457,47360.2751947104,49120.880220536,47712.3961998755,0,0,36444.5240345912,27465.4384028804,0,0,31338.7694596968,36972.7055423389,0,39437.5525784949,44367.2466508067,65142.3859555496,0,39789.67358366,0,0,0,0,0,45775.7306714673,0,33275.4349881051,29402.1039312886,0,0,0,0,0,27289.3779002978,0,0,0,0,0,0,0,0,0,0,0,0,0,0,0,0,0,0,0,0,0,0,0,0,0,0,0,0,0,0,0,0,0,0,0,0,0,0,0,0,0,0,0,0
"88","305Of",14,"forereef","October","recovered","healthy",0,1406202.11496274,0,9148.50928682727,0,0,0,0,0,0,0,0,0,0,0,0,0,0,0,0,0,718539.166902892,0,765425.276997882,856529.181979203,745603.506876423,151331.591119601,0,199361.264875444,0,148663.275910943,91485.0928682727,97584.0990594909,137227.639302409,0,43074.2312254784,85767.2745640057,59846.4982513284,56796.9951557193,65564.3165555954,56034.619381817,60227.6861382795,98727.6627203443,54891.0557209636,54509.8678340125,60608.8740252307,0,58702.934590475,52985.1162862079,0,51460.3647384034,55653.4314948659,0,51841.5526253545,44217.7948863318,57178.1830426704,47648.485868892,43455.4191124295,37737.6008081625,38881.1644690159,0,43836.6069993807,32782.1582777977,0,0,0,67851.4438773023,0,51079.1768514523,67089.0681034,47648.485868892,0,58321.7467035239,0,0,37737.6008081625,0,0,45361.3585471852,0,42693.0433385273,0,0,39643.5402429182,0,0,0,37356.4129212114,0,0,30495.0309560909,0,0,0,0,0,0,0,0,0,0,0,0,0,0,0,0,0,0,0,0,0,0,0,0,0,0,0,0,0,0,0,0,0,0,0,0,0,0,0,0,0
"89","306Af",14,"forereef","August","recovered","recovering",0,1130894.73547146,0,25898.3527207205,0,0,0,0,0,0,0,0,0,0,0,0,0,0,0,0,0,2351817.07801971,0,680756.70008751,615394.190839978,0,334212.075586441,0,154156.86143286,471103.368538821,124558.744037751,78928.3130536244,99893.6462084934,131958.273386528,0,94960.6266426419,109759.685340196,150457.096758472,43163.9212012008,78928.3130536244,36997.6467438864,54263.2152243668,118392.469580437,56729.7250072925,39464.1565268122,44397.1760926637,0,53029.9603329039,56729.7250072925,0,53029.9603329039,56729.7250072925,0,36997.6467438864,51796.705441441,0,53029.9603329039,34531.1369609607,51796.705441441,117159.214688974,0,41930.666309738,61662.7445731441,0,88794.3521853274,0,39464.1565268122,0,0,0,0,0,0,0,0,0,0,49330.1956585153,0,0,32064.6271780349,0,49330.1956585153,0,0,0,32064.6271780349,0,0,0,0,0,0,0,0,0,0,0,0,0,0,0,0,0,0,0,0,0,0,0,0,0,0,0,0,0,0,0,0,0,0,0,0,0,0,0,0,0,0,0,0,0
"90","307Af2",14,"forereef","August","recovered","recovering",0,1154296.1706579,306.219968340071,10717.6988919025,0,0,0,0,0,0,0,0,0,0,0,0,0,0,0,0,0,2143922.55334092,0,737454.238754976,535578.724626784,89263.1207711307,284631.460572096,0,182966.431083192,417684.036815857,126315.736940279,112918.613325401,102507.134401839,0,0,108861.198744895,0,0,58028.6840004434,58947.3439054636,54200.9343961925,57033.4691033382,0,54813.3743328727,55119.5943012128,55196.1492932978,0,64382.7483434999,53818.1594357675,0,57952.1290083584,57033.4691033382,0,51291.8446969619,47617.205076881,0,49377.9698948364,43866.0104647152,44937.7803539054,0,0,41722.4706863347,59636.3388342288,0,57492.7990558483,29014.3420002217,0,0,31234.4367706872,0,0,0,0,0,0,31234.4367706872,0,40497.5908129744,0,0,0,0,0,0,0,29167.4519843918,0,0,0,31464.1017469423,0,26488.0272614161,0,0,0,0,0,0,0,0,2143.5397783805,0,0,1607.65483378537,0,0,0,0,0,0,0,0,0,0,0,0,0,0,0,0,0,0,0,0,0,0,0,0,0,0,0,0
"91","309Af2",14,"forereef","August","recovered","recovering",0,1049768.74009336,3800.20540143848,2128.11502480555,0,0,0,0,0,0,0,0,0,0,0,0,0,0,0,0,0,474569.650531637,0,787402.559178052,429119.193930433,754720.792725681,87708.7406652,0,205363.099893735,0,123734.687870837,106709.767672392,106253.74302422,0,0,38154.0622304423,0,0,64603.4918244541,65211.5246886843,58675.1713982101,61107.3028551307,0,53050.8674040811,59891.2371266704,52290.8263237934,0,52746.8509719661,55482.9988610018,0,53202.8756201387,64907.5082565692,0,62779.3932317636,69923.779386468,61867.3439354184,42562.3004961109,43778.3662245713,42106.2758479383,0,0,40434.1854713054,0,0,0,28729.5528348749,0,0,0,0,0,0,0,0,0,23257.2570568035,0,0,0,0,0,35265.9061253491,0,0,0,35417.9143414066,0,18240.9859269047,0,28273.5281867023,0,0,0,0,0,0,0,0,0,0,4864.26291384125,760.041080287695,1064.05751240277,2888.15610509324,0,0,0,0,0,0,0,0,0,0,0,760.041080287695,0,0,0,0,0,0,0,0,0,0,0,1520.08216057539,0,0,0,0
"92","30BNMb2",1,"backreef","May","unknown","bleached",0,939872.506924393,4113.22760141966,91005.1606814101,0,0,0,0,0,0,0,0,0,0,0,0,0,0,0,0,0,0,11203917.832817,298723.154553103,0,0,0,2157902.03039479,0,0,0,0,0,0,499243.000122312,0,0,0,0,0,0,0,0,0,0,0,0,0,0,312091.144257717,0,0,215430.295624355,0,0,0,0,0,0,0,242166.275033583,0,0,139849.738448269,0,0,0,196406.617967789,0,0,0,0,0,126481.748743655,0,0,152189.421252528,0,0,137793.124647559,0,0,0,0,0,0,0,0,114656.219389573,0,0,0,0,0,0,0,96660.8486333621,0,0,0,64269.1812721822,0,0,7712.30175266187,0,5141.53450177458,0,0,3599.07415124221,0,0,2570.76725088729,0,0,0,0,0,0,0,0,0,0,0,0,0,0,0,0,0,0,0,0
"93","30NBOb2",1,"backreef","October","unknown","healthy",5606.39966301464,1.62728384384722,0,48242.4568346948,4470.96236097024,1091.09381729956,517.476262343417,0,617.961039700983,0,0,0,0,0,0,0,0,0,0,0,0,21.5615109309757,25.2228995796319,0,0,0,4.06820960961806,2.84774672673264,0,0,0,0,0,0,2.44092576577083,0,0,0,0,0,0,0,0,0,0,0,0,0,0,1.62728384384722,0,0,0,0,0,0,0,0,0,0,0,0,0,0,0,0,0,0,0,0,0,0,0,0,0,0,0,0,0,1.62728384384722,0,0,0,0,0,0,0,0,0,0,0,0,0,0,0,0,0,0,0,0,12.611449789816,2.84774672673264,0,1.62728384384722,0,0,0,0,0,0,0,0,0,0,0,0,0,0,0,0,0,0,0,0,0,0,0,0,0,0,0,0
"94","310Of",14,"forereef","October","recovered","healthy",0,1401985.48432708,0,2753.43729592887,0,0,0,0,0,0,0,0,0,0,0,0,0,0,0,0,0,703422.245659947,0,754765.752884032,731442.519318517,1271440.1631201,147065.944982554,0,184966.199526516,0,123580.744517278,90053.5962668502,97504.0736558342,136862.030297641,0,36442.5524461174,102039.146849129,55878.5804173801,58955.95151283,49723.8382264802,54096.9445200143,55554.646617859,84870.6554745135,53611.0438207328,53125.1431214512,50047.7720260013,0,56040.5473171406,55392.6797180985,0,52639.2424221696,53449.0769209722,0,51991.3748231275,54744.8121190564,106898.153841944,54582.8452192959,45188.7650331856,49399.9044269592,0,0,49885.8051262408,31259.6116537807,0,0,56040.5473171406,53773.0107204933,0,43083.1953362988,55554.646617859,81145.4167800215,0,40005.8242408489,0,0,0,0,0,59927.7529113931,0,39034.0228422858,0,0,0,0,31907.4792528228,0,28344.2074580913,0,0,0,0,0,0,0,0,0,0,0,0,0,0,0,0,0,0,0,0,0,0,0,0,0,0,0,0,0,0,0,0,0,0,0,0,0,0,0,0,0,0,0,0
"95","311Af2",14,"forereef","August","recovered","recovering",0,1202884.35477426,1971.40293052324,4599.94017122089,0,0,0,0,0,0,0,0,0,0,0,0,0,0,0,0,0,2157864.79103523,0,751268.800106897,647113.011944253,253325.276572236,320188.692632483,0,161162.189570275,168719.23413728,107112.892558429,115655.638590697,98241.5793710747,0,0,81156.08730654,0,0,53556.4462792146,67027.6996377901,57499.2521402611,51585.0433486914,0,60292.0729585024,47806.5210651885,49942.2075732554,201740.233223545,61442.0580013076,46985.1031774705,0,61442.0580013076,56349.2670974559,0,49613.6404181682,46327.9688672961,0,44027.9987816856,49777.9239957118,48792.2225304501,0,0,42056.5958511624,53392.162701671,0,40578.04365327,32856.7155087206,0,0,38606.6407227467,0,0,0,0,0,0,29242.4768027614,0,34335.2677066131,0,0,0,32199.5811985462,0,0,0,31213.8797332846,0,0,0,27435.3574497817,31378.1633108282,0,0,0,0,0,0,0,0,0,3942.80586104648,0,657.134310174413,3121.38797332846,0,0,0,0,0,0,0,0,0,0,0,0,0,0,0,0,657.134310174413,0,0,0,0,0,0,0,0,0,0,0
"96","311Of",14,"forereef","October","recovered","healthy",0,1120148.82676614,0,5729.66151798538,0,0,0,0,0,0,0,0,0,0,0,0,0,0,0,0,0,1390338.17772364,134647.045672656,761149.72227987,590871.344042242,373323.258281235,215220.410769326,32945.5537284159,191406.505085199,95613.726581381,135363.253362405,98120.4534954996,106177.790005167,92927.9477448253,0,51387.9017394314,98836.6611852478,98478.5573403737,52283.1613516166,53715.5767311129,59266.1863266613,58191.874792039,80752.4170191064,51208.8498169943,54968.9401881722,59087.1344042242,108505.464996848,54789.8882657352,55506.0959554833,0,61414.8093959058,53715.5767311129,0,56759.4594125427,47627.8113682535,42435.3056175792,51208.8498169943,49418.3305926239,51029.7978945573,60877.6536285946,0,33840.8133406011,39212.3710137124,0,0,52641.2651964907,44404.8767643867,0,35273.2287200975,35989.4364098457,0,0,0,0,0,0,0,29722.6191245491,0,0,29006.411434801,0,0,0,0,0,0,0,0,0,0,0,0,0,0,0,0,0,0,0,0,0,0,0,0,0,0,0,0,0,0,0,0,0,0,0,0,0,0,0,0,0,0,0,0,0,0,0,0,0,0,0
"97","312Af",14,"forereef","August","recovered","recovering",0,1110327.10754776,0,10048.2091180793,0,0,0,0,0,0,0,0,0,0,0,0,0,0,0,0,0,2718427.03602192,0,685983.507099645,403474.24304903,0,366759.632809894,0,182027.172869821,249659.349626124,112849.11778766,101255.030343722,89274.4733183199,122510.857324275,0,88501.5341553908,127534.961883314,175843.659566388,42898.1235425693,51400.4543347903,49081.6368460027,46376.3497757506,127921.431464779,52946.3326606486,46376.3497757506,57583.9676382237,287919.838191118,51786.9239162549,62608.0721972633,0,59129.845964082,58743.3763826174,0,51786.9239162549,57970.4372196883,0,52173.3934977194,49854.5760089319,47149.2889386798,115940.874439377,0,32076.9752615608,50241.0455903965,0,43671.0627054985,0,40579.3060537818,0,0,0,0,0,0,0,0,0,0,34395.7927503484,0,0,0,0,66859.2375933738,0,0,0,0,0,0,0,0,0,0,0,0,0,0,0,0,0,0,0,0,0,0,0,0,0,0,0,0,0,0,0,0,0,0,0,0,0,0,0,0,0,0,0,0,0,0,0,0,0
"98","312Of",14,"forereef","October","recovered","healthy",0,1041093.48604418,0,4935.0279012333,0,0,0,0,0,0,0,0,0,0,0,0,0,0,0,0,0,2870409.62847333,0,692088.312868957,463892.62271593,0,375062.12049373,0,198388.121629578,261161.676533266,132061.346637003,101069.371417258,116071.856237007,134627.561145644,0,99490.1624888632,206678.96850365,166211.739713537,55074.9113777636,66524.1761086248,62378.7526715889,60602.1426271449,118045.8673975,55074.9113777636,52706.0979851716,55864.5158419609,304392.52094807,48560.6745481356,51916.4935209743,0,50337.2845925796,48955.4767802343,0,52903.4991012209,55469.7136098622,0,53693.1035654183,48560.6745481356,46191.8611555436,137193.775654286,0,37901.0142814717,57838.5270024542,0,55469.7136098622,0,0,0,0,0,0,0,0,0,0,0,0,0,0,0,0,0,0,0,0,0,0,0,0,0,0,0,0,0,0,0,0,0,0,0,0,0,0,0,0,0,0,0,0,0,0,0,0,0,0,0,0,0,0,0,0,0,0,0,0,0,0,0,0,0,0,0
"99","313Of",14,"forereef","October","recovered","healthy",0,1444088.81349309,0,14509.9273051733,0,0,0,0,0,0,0,0,0,0,0,0,0,0,0,0,0,569046.584556916,0,705486.707442658,656925.257187441,642064.283253916,121228.102323867,0,215191.583179142,0,140418.651340386,99814.2579944579,105899.066219208,124504.537521809,0,32764.3519794235,91623.1699996021,60380.0200763661,56050.4449933709,54763.2740227507,59560.9112768805,57454.6315067747,77113.2426944288,48561.4502552169,54763.2740227507,58624.7869346113,0,52891.0253382122,53008.0408809958,0,53008.0408809958,55465.3672794526,0,51837.8854531593,45753.0772284092,52305.9476242939,52891.0253382122,45402.0306000582,48795.4813407842,42008.5798593322,0,44348.8907150053,25860.4349551878,0,0,49965.6367686208,62486.2998464719,0,39317.2223753082,62369.2843036883,58390.755849044,0,52656.9942526449,0,0,36040.7871773658,0,25860.4349551878,41540.5176881976,0,33349.4296933417,0,0,32413.3053510725,0,0,0,24105.201813433,0,28902.8390675629,24105.201813433,0,0,0,0,0,0,0,0,0,0,0,0,0,0,0,0,0,0,0,0,0,0,0,0,0,0,0,0,0,0,0,0,0,0,0,0,0,0,0,0,0
"100","314Af",14,"forereef","August","recovered","recovering",3406.07878094644,1444046.40009125,0,24104.5575266979,3406.07878094644,655.015150182007,0,0,0,0,0,0,0,524.012120145606,0,0,0,0,0,0,0,607723.056338866,0,740953.137885887,790865.292329755,697853.14100391,150784.487571898,0,199124.60565533,0,141352.269409277,110959.566440832,94977.1967763911,133492.087607093,0,36680.8484101924,90523.0937551534,54366.2574651066,64322.4877478731,60523.3998768175,55152.275645325,59868.3847266355,79518.8392320957,56462.305945689,52794.2211046698,62619.4483573999,0,52270.2089845242,48864.1302035777,0,57772.336246053,47292.0938431409,0,54628.2635251794,47685.1029332501,52663.2180746334,42968.9938519397,47554.0999032137,43493.0059720853,43362.0029420489,0,47685.1029332501,28820.6666080083,0,0,53842.245344961,59606.3786665627,0,43755.0120321581,65108.5059280915,53449.2362548518,0,53318.2332248154,0,0,29737.6878182631,0,25283.5847970255,35239.815079792,0,37859.87568052,0,0,30130.6969083723,0,0,0,25938.5999472075,0,27903.6453977535,0,0,0,0,0,0,0,0,0,0,0,0,0,0,0,0,0,0,0,0,0,0,0,0,0,0,0,0,0,0,0,0,0,0,0,0,0,0,0,0,0,0
"101","314Of",14,"forereef","October","recovered","healthy",0,1356647.40012783,0,3327.83499622526,0,0,0,0,0,0,0,0,0,0,0,0,0,0,0,0,0,539941.228137548,0,735174.214582763,609825.763058278,563513.392694144,110095.874458452,0,199115.460607478,0,138105.152343348,90406.1840641195,113701.029037696,118415.461949015,0,33832.9891282901,78758.7615773311,63228.8649282799,46035.0507811161,59623.7103490359,57405.1536848857,58514.4320169608,58237.112433942,55741.2361867731,52413.4011905478,54354.6382716792,0,57405.1536848857,57405.1536848857,0,50194.8445263976,57127.8341018669,0,54909.2774377168,48808.2466113038,47976.2878622475,55186.5970207355,40765.9787037594,42429.896201872,38547.4220396092,0,47144.3291131912,0,0,0,28286.5974679147,46867.0095301724,0,33278.3499622526,56295.8753528106,48530.927028285,0,47976.2878622475,0,0,35774.2262094215,0,22740.2058075393,32169.0716301775,0,29950.5149660273,26622.6799698021,0,34387.6282943277,0,0,0,0,0,30505.1541320649,22740.2058075393,0,0,0,0,0,0,0,0,0,0,0,0,0,0,0,0,0,0,0,0,0,0,0,0,0,0,0,0,0,0,0,0,0,0,0,0,0,0,0,0,0
"102","316Af",14,"forereef","August","recovered","recovering",0,1233570.03780958,0,14926.5173114384,0,0,0,0,0,0,0,0,0,0,0,0,0,0,0,0,0,2410099.45589331,0,745259.685763958,509633.948204824,0,342243.718355122,0,197776.354376558,450460.96886305,130073.936571106,100753.991852209,88492.9240606702,151930.622634283,0,95956.1827163894,115680.509163647,178585.11783328,64503.8783815729,58106.7995338136,49044.2711661546,66103.1480935127,132739.386091005,57573.7096298336,52775.9004940142,52242.8105900342,0,52775.9004940142,51709.7206860543,0,58106.7995338136,48511.1812621746,0,56507.5298218738,54908.2601099339,0,63970.7884775929,40514.8327024755,45312.641838295,90092.1937726101,0,35183.9336626761,54375.170205954,0,74632.5865571918,0,43713.3721263552,0,0,0,0,0,0,0,0,0,0,50110.4509741145,0,0,0,0,51176.6307820744,0,0,0,34117.7538547162,0,0,0,0,34117.7538547162,0,42114.1024144153,0,30919.2144308366,0,0,0,0,0,0,0,0,0,0,0,0,0,0,0,0,0,0,0,0,0,0,0,0,0,0,0,0,0,0,0,0,0,0,0,0
"103","316Of2",14,"forereef","October","recovered","healthy",0,1287474.18147299,0,1611.06887206131,0,0,0,0,0,0,0,0,0,0,0,0,0,0,0,0,0,2700841.88766278,0,744313.818892324,606452.353983078,0,426472.945704229,0,186653.836463103,548914.179980888,116227.111484423,111624.057564248,113925.584524335,0,0,131877.494813018,0,0,68125.1980185924,75029.7788988552,47641.608073813,54085.8835620582,0,61911.075226356,52704.9673860056,51784.3566019706,0,57308.0213061808,47871.7607698217,0,64442.7548824523,53625.5781700407,0,51324.0512099531,48562.218857848,0,46490.8445937692,44419.4703296903,45570.2338097341,0,0,42117.9433696028,69736.2668906537,0,77791.6112509603,31530.9193531999,0,0,36133.973273375,0,0,0,0,0,0,33602.2936172787,0,50633.5931219268,0,0,0,38895.8056254801,0,0,0,0,0,0,0,40046.5691055239,0,0,0,34522.9044013137,0,0,0,0,0,0,3682.44313614013,0,0,920.610784035033,0,0,0,0,0,0,0,0,0,0,0,0,0,0,0,0,0,0,0,0,0,0,0,0,0,0,0,0
"104","317Af2",14,"forereef","August","recovered","recovering",0,1131202.4592119,43738.6849278294,200683.377904158,0,0,0,0,0,0,0,0,0,0,0,0,0,0,0,0,0,719544.248126448,0,753849.099050236,909936.17075347,749560.992684762,168093.76952656,0,203256.241723442,39450.5785623559,174954.739711317,102914.552771363,56603.0040242498,31731.9871045037,0,0,0,0,37735.3360161665,78901.1571247118,66894.4593013861,61748.7316628179,0,80616.3996709012,54887.7614780604,60891.1103897232,0,48884.4125663975,68609.7018475755,0,26586.2594659355,59175.8678435339,0,60891.1103897232,37735.3360161665,96053.5825866057,23155.7743735567,43738.6849278294,41165.8211085453,0,0,25728.6381928408,24871.0169197461,0,0,0,0,0,0,0,0,0,0,0,0,0,0,30874.365831409,0,0,0,37735.3360161665,0,38592.9572892612,0,32589.6083775984,0,30874.365831409,0,0,0,0,0,25728.6381928408,0,0,0,0,0,0,209259.590635105,0,0,54030.1402049657,0,0,0,0,0,0,0,12864.3190964204,0,0,0,17152.4254618939,0,0,0,0,0,0,0,0,0,0,0,0,0,0,0,0
"105","317Of",14,"forereef","October","recovered","healthy",0,1511450.79238243,0,78685.7587704752,0,0,0,0,0,0,0,0,0,0,0,0,0,0,0,0,0,735540.788506616,0,741014.580421084,689013.55723364,672592.181490236,136160.573872388,0,181319.357166747,0,129318.333979303,121791.870096909,115633.854193133,127265.662011377,0,41053.4393585088,108791.614300048,69790.846909465,49948.3512195191,66369.7269629226,59527.4870698378,62264.3830270717,95107.1345138787,49948.3512195191,61580.1590377632,67053.9509522311,0,56106.3671232954,52001.0231874445,0,40369.2153692003,50632.5752088275,0,62948.6070163802,48579.9032409021,48579.9032409021,40369.2153692003,46527.2312729767,47895.6792515936,38316.5434012749,0,37632.3194119664,28737.4075509562,0,0,33526.9754761155,65685.5029736141,0,44474.5593050512,47895.6792515936,43790.3353157427,0,62948.6070163802,0,0,34211.199465424,0,25316.2876044138,41737.6633478173,0,47211.4552622851,26684.7355830307,0,35579.647444041,0,27368.9595723392,0,25316.2876044138,0,0,0,0,0,0,0,0,0,0,0,0,0,0,0,0,0,0,0,0,0,0,0,0,0,0,0,0,0,0,0,0,0,0,0,0,0,0,0,0,0,0,0,0
"106","318Af",14,"forereef","August","recovered","recovering",0,1086940.01159962,0,0,0,0,0,0,0,0,0,0,0,0,0,0,0,0,0,0,0,2892051.85115777,0,625558.813802104,457171.515335858,0,356981.072748441,0,169229.234958577,234900.281360413,120396.918403366,89245.2681871104,74090.4113251482,132184.029296003,0,111135.616987722,141445.330711647,165019.552496921,44622.6340935552,32835.523200918,93454.9506487665,57251.6814785236,122080.791388028,50516.1895398738,60619.4274478485,58093.6179708549,274471.296499981,56409.7449861924,42096.8246165615,0,45464.5705858864,46306.5070782176,0,58093.6179708549,0,0,43780.6976012239,31151.6502162555,41254.8881242303,132184.029296003,0,0,37887.1421549053,0,50516.1895398738,0,31993.5867085867,0,0,0,0,0,0,0,0,33677.4596932492,0,0,0,0,0,0,69880.7288634921,0,0,0,0,0,0,0,0,0,0,0,0,0,0,0,0,0,0,0,0,0,0,0,0,0,0,0,0,0,0,0,0,0,0,0,0,0,0,0,0,0,0,0,0,0,0,0,0,0
"107","318Of",14,"forereef","October","recovered","healthy",0,1045892.08143243,0,51955.7621445914,0,0,0,0,0,0,0,0,0,0,0,0,0,0,0,0,0,4370415.44549194,0,720926.538080852,541824.376650739,0,492772.97388069,0,209436.581564223,346264.178764886,108106.710052411,98102.8055400981,94875.7395683843,168130.137126287,0,142959.022546919,202982.449620795,183297.347193341,52601.1753389342,56150.9479078193,51955.7621445914,58732.6006851903,136504.890603492,58409.8940880189,50987.6423530773,57764.4808936762,409191.965213304,48083.2829785349,46469.7499926781,0,45178.9236039925,50664.9357559059,0,47437.8697841922,52923.8819361056,0,0,45178.9236039925,54860.1215191338,124887.453105322,0,43565.3906181357,71963.5711692167,0,78417.7031126442,0,0,0,0,0,0,0,0,0,0,0,0,0,0,0,0,0,0,0,0,0,83903.7152645576,0,0,0,41306.444437936,44856.2170068212,0,0,0,0,0,0,0,0,0,0,0,0,0,0,0,0,0,0,0,0,0,0,0,0,0,0,0,0,0,0,0,0,0,0,0,0,0,0,0,0
"108","319Af2",14,"forereef","August","recovered","recovering",0,634490.245371424,3701193.09799998,42299.3496914283,0,0,0,0,0,0,0,0,0,0,0,0,0,0,0,0,0,824837.318982852,0,666214.757639996,475867.684028568,391268.984645712,179772.23618857,0,179772.23618857,52874.1871142854,0,116323.211651428,52874.1871142854,0,0,0,0,0,0,63449.0245371424,63449.0245371424,0,0,74023.8619599995,0,0,0,42299.3496914283,0,0,0,0,0,0,0,52874.1871142854,0,0,42299.3496914283,0,0,0,0,0,0,52874.1871142854,0,0,42299.3496914283,0,0,0,0,0,0,0,0,0,0,0,0,0,0,0,0,42299.3496914283,0,0,0,0,0,0,0,0,0,0,0,0,0,0,221215024.048747,0,20864154.235297,0,0,3838665.98449712,0,0,7656182.29414852,0,0,11706345.0271028,0,0,0,0,0,0,0,0,0,0,0,0,0,0,0,0,2463937.1195257,0,0,0
"109","319Of2",14,"forereef","October","recovered","healthy",0,1080978.6602596,436549.074335608,34646.7519313975,0,0,0,0,0,0,0,0,0,0,0,0,0,0,0,0,0,845380.747126098,0,679076.337855391,783016.593649583,880027.499057496,124728.306953031,0,124728.306953031,41576.102317677,194021.810815826,90081.5550216335,62364.1534765155,0,0,41576.102317677,0,0,83152.2046353539,55434.803090236,41576.102317677,55434.803090236,0,76222.8542490745,48505.4527039565,0,0,41576.102317677,41576.102317677,0,41576.102317677,69293.503862795,0,0,0,83152.2046353539,0,0,55434.803090236,0,0,69293.503862795,34646.7519313975,0,0,34646.7519313975,0,0,83152.2046353539,0,0,0,0,0,0,41576.102317677,0,34646.7519313975,0,0,0,0,0,0,0,41576.102317677,34646.7519313975,0,0,48505.4527039565,27717.401545118,0,0,0,0,0,0,0,0,0,22153133.1849355,0,2189674.72206432,0,0,401902.322404211,0,0,741440.491331906,0,0,1080978.6602596,0,0,0,0,0,0,0,0,0,0,0,0,0,0,0,0,332608.818541416,0,0,0
"110","31BNMb2",1,"backreef","May","unknown","bleached",0,127248.802335673,1458116.20454174,264075.471513816,0,0,0,0,0,0,0,0,0,0,0,0,0,0,0,0,0,360310.228835776,1129960.24296283,548902.987852983,0,0,65676.8012055086,233517.515397364,0,0,0,0,0,0,0,0,0,0,0,0,0,0,0,0,0,0,14138.7558150748,0,0,332944.895000148,0,0,0,0,0,0,0,0,0,0,0,0,0,0,0,0,0,0,0,0,0,0,0,0,0,0,0,0,0,0,0,0,0,0,0,0,0,0,80499.6903664741,0,0,0,0,0,124512.26895211,0,0,0,0,0,1118329.97608269,0,31242.0894623426,178330.758828846,0,0,0,0,0,0,299878.449948763,19383.7781335702,0,0,0,110145.468688405,0,0,129985.335719236,0,0,0,0,0,0,0,0,153245.86947952,0,0,0,0
"111","320Of2",14,"forereef","October","recovered","healthy",0,1129754.1895093,0,2745.45368046002,0,0,0,0,0,0,0,0,0,0,0,0,0,0,0,0,0,1783172.16545878,0,748410.6732934,719308.864280524,887056.084156631,234187.198943239,0,169943.582820475,0,101856.331545067,115034.509211275,101307.240808975,48045.4394080503,0,51889.0745606943,0,0,64243.6161227644,77696.3391570185,45574.5310956363,56830.8911855223,0,47770.8940400043,51339.9838246023,53261.8014009243,36514.5339501182,54634.5282411543,59301.7994979364,0,52987.2560328783,54085.4375050623,0,57379.9819216143,45025.4403595443,68910.8873795464,42554.5320471302,45025.4403595443,46123.6218317283,0,0,36789.0793181642,31572.7173252902,0,0,29925.4451170142,0,0,38436.3515264402,0,0,0,0,0,0,34867.2617418422,0,0,0,0,0,35690.8978459802,0,0,0,27454.5368046002,0,0,0,26356.3553324162,26081.8099643702,0,0,0,0,0,0,0,0,0,3019.99904850602,0,0,0,0,0,0,0,0,0,0,0,0,0,0,0,0,0,0,0,0,0,0,0,0,0,0,0,0,0,0,0
"112","321Af",14,"forereef","August","recovered","recovering",0,0,0,43045.7307176081,0,0,0,0,0,0,0,0,0,0,0,0,0,0,0,0,0,0,0,0,0,0,0,0,0,0,0,0,0,0,0,0,0,0,0,0,0,0,0,0,0,0,0,0,0,0,0,0,0,0,0,0,0,0,0,0,0,0,0,0,0,0,0,0,0,0,0,0,0,0,0,0,0,0,0,0,0,0,0,0,0,0,0,0,0,0,0,0,0,0,0,0,0,0,0,0,0,0,0,0,0,0,0,0,0,0,0,0,0,0,0,0,0,0,0,0,0,0,0,0,0,0,0,0,0,0,0,0
"113","322Af",14,"forereef","August","recovered","recovering",0,1133215.74794251,0,10749.8727077551,0,0,0,0,0,0,0,0,0,0,0,0,0,0,0,0,0,1522002.81087299,0,760553.494073672,491806.676379795,0,338620.990294285,0,135269.231572585,66290.881697823,124519.35886483,127206.827041768,93165.5634672107,104811.258900612,0,112873.663431428,105707.081626258,85103.1589363944,51061.8953618366,51061.8953618366,70769.9953260543,56436.8317157142,69874.172600408,66290.881697823,72561.6407773468,62707.590795238,46582.7817336053,62707.590795238,53749.3635387754,0,51061.8953618366,63603.4135208842,0,56436.8317157142,51957.7180874829,0,30457.9726719727,40312.0226540815,38520.377202789,44791.1362823128,0,27770.504495034,47478.6044592516,0,0,41207.8453797278,34041.2635745577,0,0,0,0,0,24187.2135924489,0,0,0,0,0,0,0,25978.8590437414,0,0,0,0,0,41207.8453797278,0,0,26874.6817693877,0,25978.8590437414,0,28666.3272206802,0,0,0,0,0,0,0,0,0,0,0,0,0,0,0,0,0,0,0,0,0,0,0,0,0,0,0,0,0,0,0,0,0,0,0,0,0,0
"114","322Of2",14,"forereef","October","recovered","healthy",0,1181793.56287116,0,1191.10584493153,0,0,0,0,0,0,0,0,0,0,0,0,0,0,0,0,0,2879985.6506949,0,765339.646543279,606381.157419689,0,476225.773273534,0,184404.841265309,607463.980915081,109581.737733701,104817.314353975,108607.196587848,0,0,112397.078821721,0,0,58472.4687511843,71574.6330454311,52733.5042256051,58797.315799802,0,62154.0686355181,59338.7275474981,61504.3745382827,0,59013.8804988804,55657.1276631643,0,60962.9627905866,50351.292535742,0,52083.8101283697,53491.4806723797,0,46128.280903712,51217.5513320559,42554.9633689174,0,0,39631.3399313582,71791.1977445096,0,90090.9148166395,0,0,0,38115.387037809,0,0,0,0,0,0,0,0,56306.8217603997,0,0,0,0,0,0,0,0,0,0,0,0,0,0,0,39739.6222808975,0,0,0,0,0,0,3140.18813663767,0,0,1299.38819447076,0,0,0,0,0,0,0,0,0,0,0,0,0,0,0,0,0,0,0,0,0,0,0,0,0,0,0,0
"115","323Af",14,"forereef","August","recovered","recovering",0,1063511.19647216,0,27468.4782979093,0,0,0,0,0,0,0,0,0,0,0,0,0,0,0,0,0,1279379.29428228,0,684849.687732619,328380.226431503,0,248147.43953874,0,204073.722947744,184054.323510285,132997.095487617,101648.888616557,94820.5663278111,85354.0286093226,0,60058.1983123779,104287.1040463,130979.636629579,49350.1474504811,52919.49773778,56333.6588821529,56178.4697392269,74025.2211757216,58661.4960260435,49970.9040221852,55868.0914533748,31813.7742998384,47953.4451641467,54005.8217382623,0,51367.6063085196,52764.308594854,0,49970.9040221852,56799.226310931,0,53695.4434524102,48884.5800217029,42677.0143046613,73404.4646040174,0,40504.3663036967,37400.5834451759,0,33210.4765861728,27158.1000120572,34762.3680154332,0,0,0,0,0,28709.9914413176,0,0,31813.7742998384,0,0,0,0,0,24054.3171535364,47177.4994495165,0,0,23743.9388676843,0,0,0,0,0,0,0,0,0,0,0,0,0,0,2948.59371559478,0,0,0,0,0,0,0,0,0,0,620.756571704164,0,0,0,0,0,0,0,0,0,0,0,0,0,0,0,0,0,0,0,0
"116","323Of2",14,"forereef","October","recovered","healthy",0,1106688.11864828,0,830.379379964941,0,0,0,0,0,0,0,0,0,0,0,0,0,0,0,0,0,6228052.94458205,0,678419.953431357,441139.045606375,0,993756.522973043,0,168151.824442901,438855.502311471,103797.422495618,98607.5513708367,97777.1719908718,0,0,246207.486159605,0,0,61032.8844274232,68298.7040021164,91549.3266411347,50030.3576428877,0,56258.2029926248,51068.3318678439,55012.6339226773,0,52729.0906277738,54182.2545427124,0,61240.4792724144,50860.7370228526,0,0,0,0,0,0,0,0,0,0,0,0,126632.855444653,0,0,0,0,0,0,0,0,0,0,0,0,0,0,0,0,0,0,0,0,0,73696.1699718885,0,0,0,0,85736.6709813802,0,0,0,65807.5658622216,0,0,0,0,4774.68143479841,0,0,0,0,0,0,0,0,0,0,0,0,0,0,0,0,0,0,0,0,0,0,0,0,0,0,0,0,0,0,0
"117","324Af2",14,"forereef","August","recovered","recovering",0,909583.392055392,2554413.35935556,98538.2008060008,0,0,0,0,0,0,0,0,0,0,0,0,0,0,0,0,0,2402816.12734633,0,750406.298445698,386572.941623542,0,568489.62003462,0,144017.37040877,272875.017616618,113697.924006924,128857.647207847,68218.7544041544,0,0,151597.232009232,0,0,0,53059.0312032312,0,83378.4776050776,0,90958.3392055392,45479.1696027696,83378.4776050776,30319.4464018464,53059.0312032312,53059.0312032312,0,0,0,0,0,0,0,0,37899.308002308,0,0,0,0,68218.7544041544,0,60638.8928036928,37899.308002308,0,0,0,0,0,0,0,0,0,0,0,0,0,0,0,30319.4464018464,0,0,0,0,53059.0312032312,0,0,53059.0312032312,0,0,0,0,0,0,0,0,0,0,313578874.411096,0,27924210.1361005,0,0,4661614.88428388,0,0,8603142.91652392,0,0,18017331.0242972,0,0,0,0,0,0,0,0,0,0,0,0,0,0,0,0,2554413.35935556,0,0,0
"118","324Of",14,"forereef","October","recovered","healthy",0,1089993.62164885,0,50477.2733614517,0,0,0,0,0,0,0,0,0,0,0,0,0,0,0,0,0,2892978.7295282,48899.8585689063,714568.90102305,465337.363800883,0,301286.225376165,0,164051.138424718,317060.373301618,119883.524233448,89912.6431750858,80448.1544198136,119883.524233448,0,111996.450270721,214528.41178617,253963.781599804,55209.5177390878,63096.5917018146,69406.250871996,44167.6141912702,130925.427781265,50477.2733614517,48899.8585689063,61519.1769092692,335989.350812163,58364.3473241785,44167.6141912702,0,63096.5917018146,47322.4437763609,0,56786.9325316331,59941.7621167238,0,41012.7846061795,37857.9550210887,58364.3473241785,121460.939025993,0,0,37857.9550210887,0,53632.1029465424,42590.1993987248,0,0,0,0,0,0,0,0,0,0,0,0,0,0,0,0,66251.4212869053,0,0,0,33125.7106434527,0,0,0,0,0,0,0,0,0,0,0,0,0,6309.65917018146,0,0,0,0,0,0,0,0,0,0,0,0,0,0,0,0,0,0,0,0,0,0,0,0,0,0,0,0,0,0,0
"119","33BNMb",1,"backreef","May","unknown","healthy",3927.56415928016,0,0,42612.2243111869,2924.12692109416,1028.06146488995,369.363400559263,0,634.073837626734,0,0,0,0,0,0,0,0,0,0,0,0,0,0,0,0,0,0,0,0,0,0,0,0,0,0,0,0,0,0,0,0,0,0,0,0,0,0,0,0,0,0,0,0,0,0,0,0,0,0,0,0,0,0,0,0,0,0,0,0,0,0,0,0,0,0,0,0,0,0,0,0,0,0,0,0,0,0,0,0,0,0,0,0,0,0,0,0,0,0,0,0,0,0,0,0,0,0,0,0,0,0,0,0,0,0,0,0,0,0,0,0,0,0,0,0,0,0,0,0,0,0,0
"120","34BNMb2",1,"backreef","May","unknown","bleached",61308.3420383882,31485.470572257,213072.466694432,9793.74785952219,60840.7360397903,545.540331697522,0,0,0,0,0,0,0,0,0,0,0,0,0,0,0,0,71206.0023420433,0,21276.0729362034,0,3039.4389908862,0,0,0,0,0,0,0,0,0,0,0,0,0,0,0,0,0,0,0,0,0,0,0,0,0,0,0,0,0,0,0,0,0,0,0,0,0,0,10625.0474125851,0,0,0,0,0,0,0,0,0,0,0,0,0,0,0,0,0,0,0,0,0,0,0,0,0,0,0,0,0,0,0,0,0,0,132618.256824564,39876.4004359856,0,127916.218727552,0,0,0,0,0,0,0,0,0,0,0,18366.5245004833,0,0,41850.7368745099,0,0,38915.2103277566,35408.1653382725,0,37824.1296643615,0,28991.5719130683,0,0,0,0,0
"121","35BNMb",1,"backreef","May","unknown","bleached",5040.37577290754,122.175173453664,6249.13014856613,43146.8990221645,2434.83856315458,466.171938426037,1469.56804381145,0,0,0,0,0,0,0,0,1135.96916594151,0,0,0,0,0,116.109739310574,2603.80422856922,0,0,445.376164221158,0,0,0,0,0,0,0,0,0,0,0,0,0,0,0,0,0,0,0,0,0,0,0,0,0,0,620.407263778889,0,0,0,0,0,0,0,0,0,0,0,0,0,0,0,0,0,0,0,0,0,0,0,0,0,0,0,0,0,0,0,0,0,0,0,0,0,0,0,0,0,0,0,0,0,0,843.095345889468,2466.89871505377,0,365.659029769122,1265.94275472201,0,0,0,0,0,0,822.299571684589,0,0,0,0,605.6769237171,0,0,0,0,844.828327073208,0,0,0,0,0,0,665.464774556127,0,0,597.87850839027,0
"122","36BNMb",1,"backreef","May","unknown","healthy",101230.897599941,1507.90810724838,402.108828599567,2541880.69638859,0,0,0,24377.8477338488,0,17190.1524226315,0,0,59662.8974434608,0,0,0,0,0,0,0,47599.6325854738,0,9147.97585064015,351.845225024621,0,0,0,1759.22612512311,0,0,0,0,0,0,201.054414299784,0,0,0,0,0,0,0,0,0,0,0,0,0,0,351.845225024621,0,0,0,0,0,0,0,0,0,0,452.372432174513,0,0,201.054414299784,0,0,0,0,0,0,0,0,0,0,0,0,0,0,0,0,0,0,0,0,0,0,0,0,0,0,0,0,0,0,0,0,0,0,0,0,955.008467923972,351.845225024621,351.845225024621,0,0,251.318017874729,0,0,0,0,0,0,0,0,201.054414299784,0,0,0,0,0,0,0,0,0,0,0,0,0,0,0,0,0
"123","37BNMb",1,"backreef","May","unknown","healthy",0,692430.655924166,1439247.62773509,25866.6624339487,0,0,0,0,0,0,0,0,0,0,0,0,0,0,0,0,0,0,8992313.05844812,262646.110867787,0,0,0,1890919.34869712,0,0,0,0,0,0,475548.640131826,0,0,0,0,0,0,0,0,0,0,0,0,0,0,257340.128830054,0,0,244738.421490438,0,0,0,0,0,0,0,208259.794981023,0,0,196321.335396124,0,0,0,167138.434188592,0,0,0,98160.6676980618,0,119384.595848994,0,0,85558.9603584457,0,0,76936.7395471295,0,0,0,0,89538.4468867455,0,0,0,81579.4738301459,0,0,0,0,0,0,0,91528.1901508954,78263.2350565628,0,0,5690665.73546872,3560313.94731889,3066194.370055,0,1264813.46824462,1120225.45771639,540546.920094056,405907.62588658,184382.875811224,301777.728396068,0,0,206933.29947159,252034.146792321,263972.60637722,0,194331.592131974,220198.254565922,0,209586.290490456,0,0,0,0,0,0,0,0,0,0,0,0
"124","38BNMb",1,"backreef","May","unknown","healthy",2497.06183171429,16911.9187693377,543451.456829455,24743.6126960779,1248.53091585714,3064.57588437662,0,0,794.519673727273,0,0,0,0,0,0,0,0,0,0,0,0,0,135181.847344169,5448.13490555844,0,0,0,24289.6014539481,0,0,0,0,0,0,5788.64333715585,0,0,0,0,0,0,0,0,0,0,0,0,0,0,3972.59836863637,0,0,2156.55340011688,0,0,0,0,0,0,0,5561.63771609091,0,0,1702.54215798701,0,0,0,2383.55902118182,0,0,0,0,0,0,0,0,1929.54777905195,0,0,1816.04496851948,0,0,0,0,0,0,0,0,0,0,0,0,0,0,0,0,1135.02810532468,908.022484259741,0,0,1813320.9010667,1182585.78293778,1025951.90440297,0,366500.575209338,334719.788260247,159244.443177052,130301.226491273,63448.0710876494,109530.212163831,0,0,82289.537636039,78203.4364568702,88759.1978363896,0,73890.3296566364,77408.9167831429,0,59929.4839611429,0,0,0,28943.2166857792,0,33369.8262965455,0,0,0,33142.8206754805,0,0
"125","39BNMb",1,"backreef","May","unknown","healthy",4012.40538000579,33.7713828617411,0,55084.7764078092,2809.41395806593,1479.5516653752,449.068118053423,0,753.923303886438,0,0,0,0,0,0,0,0,0,0,0,0,0,294.815044982227,0,0,0,0,46.5497439445621,0,0,0,0,0,0,24.6439820882976,0,0,0,0,0,0,0,0,0,0,0,0,0,0,0,0,0,12.778361082821,0,0,0,0,0,0,0,5.47644046406613,0,0,5.47644046406613,0,0,0,0,0,0,0,0,0,0,0,0,4.56370038672178,0,0,0,0,0,0,0,7.30192061875484,0,0,0,0,0,0,0,0,0,0,0,0,0,0,0,6.38918054141049,0,0,0,0,0,0,0,0,0,0,0,0,0,0,0,0,0,0,0,0,0,0,0,0,0,0,0,0,0,0,0
"126","3NBOb",1,"backreef","October","unknown","healthy",2339.36069784065,2126.6915434915,273067.194184309,11611.7358274636,1786.42089653286,382.804477828471,0,0,0,0,0,0,0,0,0,0,0,0,0,0,0,0,13483.2243857361,0,0,0,0,6082.3378143857,0,0,0,0,0,0,212.66915434915,0,0,0,0,0,0,0,0,0,0,0,0,0,0,0,0,0,340.27064695864,0,0,0,0,0,0,0,255.20298521898,0,0,1148.41343348541,0,0,0,0,0,0,0,0,0,0,0,0,808.142786526771,0,0,297.73681608881,0,0,0,0,0,0,0,0,0,0,0,0,0,0,0,0,0,0,0,0,832472.137784314,509512.759989694,361750.231547905,0,191274.637421626,131216.868233426,65969.9716791064,68054.1293917281,39854.1995250308,83834.180644435,0,0,59419.7617251526,29731.1477780112,26456.0428010343,0,15269.645282269,20969.1786188262,0,20756.5094644771,0,0,0,17481.4044875002,0,23904.0129488445,0,0,0,10675.9915483273,0,13483.2243857361
"127","41BNMb",1,"backreef","May","unknown","healthy",0,726308.527807145,843849.571128601,23779.9798627222,0,0,0,0,0,0,0,0,0,0,0,0,0,0,0,0,0,0,13285535.0353049,247311.790572311,0,0,0,3406651.97233398,0,0,0,0,0,0,671954.288120923,0,0,0,0,0,0,0,0,0,0,0,0,0,0,482393.877215223,0,0,284680.330356589,0,0,0,0,0,0,0,377761.965819245,0,0,155589.011101811,0,0,0,205187.254815489,0,0,0,116182.1873293,0,118899.899313611,0,0,119579.327309689,0,0,137923.883203789,0,0,0,0,85607.9275058001,0,0,0,0,0,0,0,0,0,0,0,0,89005.067486189,0,90363.9234783445,2318208.32261738,1655086.59844547,1315372.60040658,0,455216.757372112,444345.909434867,173933.566995911,214699.246760578,73378.2235764001,151512.443125345,0,0,146077.019156722,95799.3474469668,84249.0715136445,0,100555.343419511,78134.2195489445,0,72698.7955803223,0,0,0,45521.6757372112,0,0,0,0,0,0,0,0
"128","43BNMb2",1,"backreef","May","unknown","healthy",1979.13566224012,99022.7543007475,570386.897857604,31996.0265395487,1979.13566224012,2770.78992713617,0,0,0,0,989.567831120062,0,0,0,0,0,0,0,0,0,0,0,1628762.67883488,41495.8777183012,0,0,0,445041.639249062,0,0,0,0,0,0,68478.0939135083,0,0,0,0,0,0,0,0,0,0,0,0,0,0,83387.5825690505,0,0,35162.6435991329,0,0,0,0,0,0,0,37273.7216388557,0,0,26388.475496535,0,0,0,26718.3314402417,0,0,0,13985.8920131635,0,15305.3157879903,0,0,18142.0769038678,0,0,17416.3938277131,0,0,0,0,0,0,0,0,0,0,0,0,0,0,0,0,0,0,0,0,1619526.71241109,1312760.68476387,1009623.07249743,0,381643.326868637,242510.089813156,140584.60320779,126928.567138333,63926.081890356,115515.551486082,0,0,94998.5117875259,82661.8994928958,85960.4589299627,0,98890.8119232648,68148.2379698016,0,34964.7300329088,0,0,0,31204.3722746526,0,0,0,0,0,0,0,0
"129","44BNMb2",1,"backreef","May","unknown","healthy",243.340537029318,29590.2093027651,171701.082927887,27132.469878769,0,0,0,0,0,0,0,0,0,0,0,0,0,0,0,0,0,0,575938.38304099,13821.7425032653,0,0,0,134275.308332778,0,0,0,0,0,0,15817.1349069057,0,0,0,0,0,0,0,0,0,0,0,0,0,0,22606.3358900237,0,0,0,0,0,0,0,0,0,0,13237.7252143949,0,0,0,0,0,0,8711.59122564959,0,0,0,0,0,6302.51990905934,0,0,5207.48749242741,0,0,6399.85612387107,0,0,0,0,0,0,0,0,0,0,0,0,0,0,0,0,4866.81074058636,4404.46372023066,0,0,654099.363534807,504712.607852509,387446.80305808,0,158074.012854245,135443.342910519,57209.3602555927,57331.0305241074,16474.1543568848,27594.8168991247,0,0,22922.6785881618,33386.3216804225,33970.3389692928,0,29492.8730879534,24334.0537029318,0,18980.5618882868,0,0,0,0,0,0,0,0,0,0,0,0
"130","45BNMb",1,"backreef","May","unknown","bleached",40759.0721379749,1493.30136595499,13637.9929728919,191501.958573465,33936.9775159149,8990.7895518701,6822.09462205995,0,0,0,0,0,0,0,0,0,0,0,0,0,0,11494.0831279938,9876.85633747825,0,0,0,2137.71357367001,0,0,1412.74983999062,0,0,7441.72174486285,0,0,0,0,0,0,0,0,0,0,0,0,0,0,0,0,0,0,0,0,0,0,0,0,0,0,0,0,0,0,0,1171.09526209748,0,0,0,0,0,0,0,0,0,0,0,0,0,0,0,0,0,0,0,0,0,0,0,0,0,0,0,0,0,0,0,0,0,0,0,21036.3408191585,57402.2566564608,10409.7356630887,0,9170.48141748294,7113.31936977731,0,935.636955432381,0,0,0,0,0,1691.58204525192,0,0,0,2063.35831893366,0,0,0,0,0,2267.83526945862,0,0,0,0,0,0,1257.84305928989,0
"131","46BNMb",1,"backreef","May","unknown","bleached",1464.33685351209,0,0,49602.399461,0,1904.84478059883,655.733261325467,0,808.603592186618,0,0,0,0,0,0,0,0,0,0,0,0,24.1374206622871,0,10.0572586092863,0,0,0,0,0,0,0,0,0,0,0,0,0,0,0,0,0,0,0,0,0,0,0,0,0,0,0,0,0,0,0,0,0,0,0,0,0,0,0,0,0,0,0,0,0,0,0,0,0,0,0,0,0,0,0,0,0,0,0,0,0,0,0,0,0,0,0,0,0,0,0,0,0,0,0,0,0,0,0,0,0,0,0,0,0,0,0,0,0,0,0,0,0,0,0,0,0,0,0,0,0,0,0,0,0,0,0,0
"132","4NBOb",1,"backreef","October","unknown","healthy",0,835763.464267002,1715805.78756802,11465.0617141642,0,0,0,0,0,0,0,0,0,0,0,0,0,0,0,0,0,0,387044.669591956,555067.125747811,0,0,0,0,0,0,0,0,0,0,100418.126737852,0,0,0,0,0,0,0,0,0,0,0,0,0,0,0,0,0,0,0,0,0,0,0,0,0,0,0,0,0,0,0,0,0,0,0,0,0,0,0,0,0,0,0,0,0,0,0,0,0,0,0,0,0,0,0,0,0,759856.848780122,0,0,0,0,0,385067.934813652,0,6448108.8468282,4331421.24622009,3609913.05213907,0,1390039.89610349,1084436.69937767,606462.229983719,497741.81717699,217836.172569119,376370.301789114,0,0,317068.258439989,286231.195898444,281882.379386174,0,224161.723859693,230091.928194605,0,191743.273495504,0,0,0,113464.576274659,0,0,0,0,0,0,0,0
"133","50BNMb",1,"backreef","May","unknown","bleached",21239.8898002079,671611.471972371,224404.053106544,398694.279264192,16130.0032685637,64827.8375641128,0,0,0,0,0,0,0,0,0,0,0,0,0,0,0,1735576.03871786,24502.8293927036,213383.936369625,199962.788611812,0,368773.738849986,0,69937.724095757,135812.164925387,26041.951841994,95425.5918560065,0,22101.7983718105,0,69137.380422126,26965.4253115683,28381.4179649155,35030.4269458501,0,54854.3240927108,0,0,0,82373.8334860237,22101.7983718105,0,0,44449.8563355076,0,29243.3265365181,0,0,0,101458.951857225,0,50236.9567448396,0,47281.8416422019,32013.7469452409,0,50236.9567448396,0,0,24441.264494732,0,0,0,0,0,0,0,0,0,0,0,0,0,0,0,0,0,0,0,0,0,44634.5510294224,0,0,0,0,32383.1363330706,0,21116.7600042647,0,25734.127352136,0,0,0,0,320753.118432125,0,61441.7681756739,193498.474324793,21055.195106293,0,0,10158.2081653168,0,0,0,0,0,0,0,0,0,0,28873.9371486884,0,29181.7616385465,0,34661.0375580204,0,0,0,0,0,0,0,0,0
"134","5NBOb2",1,"backreef","October","unknown","healthy",0,653706.857456722,1790.53173108166,28811.2833092231,0,0,0,0,0,0,0,0,0,0,0,0,0,0,0,0,0,0,10552091.8181,198586.246538148,0,0,0,2686937.02590591,0,0,0,0,0,0,433471.454533678,0,0,0,0,0,0,0,0,0,0,0,0,0,0,635801.540145906,0,0,262719.837633254,0,0,0,0,0,0,0,229188.061578452,0,0,153009.075201524,0,0,0,151381.319082359,0,0,0,90666.0158374986,0,105478.596521901,0,0,114756.806401143,0,0,98967.5720452408,0,0,0,0,0,0,0,0,0,0,0,0,0,0,0,0,0,0,0,0,12045.3952818221,10743.19038649,4394.94152174589,0,1139.4292834156,1953.30734299817,0,0,0,1139.4292834156,0,0,0,0,0,0,651.102447666058,0,0,0,0,0,0,0,0,0,0,0,0,0,0,0
"135","6NBOb",1,"backreef","October","unknown","healthy",64534.105717529,1865.01767916257,404.461665360558,997604.697611816,0,0,0,7257.83988397001,0,8516.16506509175,0,0,24717.1017720341,0,0,0,24042.9989964332,0,0,0,0,0,10695.7640395348,0,0,0,0,3078.40267524425,0,0,0,0,0,0,1235.85508860171,0,0,0,0,0,0,0,0,0,0,0,0,0,0,1101.03453348152,0,0,0,0,0,0,0,0,0,0,269.641110240372,0,0,0,0,0,0,0,0,0,0,0,0,471.871942920651,0,0,0,0,0,247.171017720341,0,0,0,0,0,0,0,0,0,0,0,0,0,0,0,0,449.40185040062,89.880370080124,0,0,1056.09434844146,179.760740160248,516.812127960713,179.760740160248,89.880370080124,0,0,0,0,0,0,0,0,0,0,0,0,0,0,0,0,0,0,0,0,0,0,0,0,0,0,0
"136","7NBOb",1,"backreef","October","unknown","healthy",111.96435475769,1147.63463626632,148408.752231318,3330.93955404128,0,0,0,0,0,0,0,0,0,0,0,0,0,0,0,0,195.937620825958,0,17494.4304308891,0,0,0,0,2799.10886894225,0,0,0,0,0,0,1343.57225709228,0,0,0,0,0,0,0,0,0,0,0,0,0,0,0,0,0,531.830685099028,0,0,0,0,0,0,0,503.839596409605,0,0,531.830685099028,0,0,0,0,0,0,0,0,0,139.955443447113,0,0,0,0,0,279.910886894225,0,0,0,0,559.82177378845,0,0,0,0,0,0,0,0,0,0,0,0,0,0,0,408445.966156053,310449.164654385,225916.076812329,0,97213.0510183644,82545.720545107,37172.1657795531,33113.4579195868,11112.4622097007,35184.7984826041,0,0,23736.4432086303,24492.2026032447,20685.4145414832,0,12735.9453536872,16122.8670851074,0,8985.13946930463,0,0,0,0,0,8285.36225206907,0,0,0,6633.88801939314,0,7165.71870449217
"137","8NBOb",1,"backreef","October","unknown","healthy",0,966080.088149321,1517885.51943008,34908.422863036,0,0,0,0,0,0,0,0,0,0,0,0,0,0,0,0,0,2242130.14798608,209450.537178216,609845.941583159,699850.790892673,0,299034.803079742,75284.430029921,151830.610283807,82434.3479657235,116922.187420771,101360.601325201,71078.5959500371,110613.436300945,0,75284.430029921,62246.344382281,73181.5129899791,0,34908.422863036,63087.5111982578,84116.6815976771,48787.6753266527,47946.5085106759,49208.2587346411,45843.591470734,194309.534490634,45843.591470734,31543.7555991289,0,59722.8439343507,55096.4264464785,0,35329.0062710244,38273.0901269431,0,37011.3399029779,0,32805.5058230941,51311.175774583,0,0,72760.9295819907,0,31543.7555991289,0,0,0,0,0,0,0,0,0,0,0,0,53834.6762225133,0,0,0,0,0,0,0,0,0,0,0,0,0,28179.0883352218,0,34067.2560470592,0,0,0,0,0,0,5068030.06626004,3530797.7100625,3067735.37786728,0,1235674.05266988,1119172.44865709,544655.513344959,405442.405300804,163186.362299494,363384.064501965,0,0,251088.294569066,238470.792329415,198935.951978506,0,205244.703098332,173280.364091215,0,147624.776203923,0,0,0,103884.101773131,0,87481.3488615842,0,0,0,0,0,0
"138","9NBOb2",1,"backreef","October","unknown","healthy",0,773861.124261263,0,198735.969812287,0,0,0,0,0,0,0,0,0,0,0,0,0,0,0,0,0,0,13807964.3550079,362747.401997467,0,0,0,1712663.80225129,0,0,0,0,0,0,1018173.04970913,0,0,0,0,0,0,0,0,0,0,0,0,0,0,185404.227687594,0,0,601168.557669306,0,0,0,0,0,0,0,412663.924836435,0,0,533889.766016785,0,0,0,249892.654709366,0,0,0,250512.735738422,0,172072.485562901,0,0,176413.052766289,0,0,152539.933147653,0,0,0,0,199046.010326815,0,0,0,99833.0456779353,0,0,0,0,0,0,0,0,95182.4379600191,0,0,3410.44565980524,1550.20257263875,0,0,0,1240.162058111,0,0,0,0,0,0,0,0,0,0,0,0,0,0,0,0,0,0,0,0,0,0,0,0,0,0
